t	1	2	jV0100	jL0300	
0	0	0	0	0	
0.0001	0.0627905	0.0627905	-3.13953e-19	3.13953e-19	
0.0002	0.125333	0.125333	-9.40619e-19	9.40619e-19	
0.0003	0.187381	0.187381	-1.56357e-18	1.56357e-18	
0.0004	0.24869	0.24869	-2.18036e-18	2.18036e-18	
0.0005	0.309017	0.309017	-2.78853e-18	2.78853e-18	
0.0006	0.368125	0.368125	-3.38571e-18	3.38571e-18	
0.0007	0.425779	0.425779	-3.96952e-18	3.96952e-18	
0.0008	0.481754	0.481754	-4.53766e-18	4.53766e-18	
0.0009	0.535827	0.535827	-5.0879e-18	5.0879e-18	
0.001	0.587785	0.587785	-5.61806e-18	5.61806e-18	
0.0011	0.637424	0.637424	-6.12605e-18	6.12605e-18	
0.0012	0.684547	0.684547	-6.60986e-18	6.60986e-18	
0.0013	0.728969	0.728969	-7.06758e-18	7.06758e-18	
0.0014	0.770513	0.770513	-7.49741e-18	7.49741e-18	
0.0015	0.809017	0.809017	-7.89765e-18	7.89765e-18	
0.0016	0.844328	0.844328	-8.26672e-18	8.26672e-18	
0.0017	0.876307	0.876307	-8.60317e-18	8.60317e-18	
0.0018	0.904827	0.904827	-8.90567e-18	8.90567e-18	
0.0019	0.929776	0.929776	-9.17302e-18	9.17302e-18	
0.002	0.951057	0.951057	-9.40417e-18	9.40417e-18	
0.0021	0.968583	0.968583	-9.5982e-18	9.5982e-18	
0.0022	0.982287	0.982287	-9.75435e-18	9.75435e-18	
0.0023	0.992115	0.992115	-9.87201e-18	9.87201e-18	
0.0024	0.998027	0.998027	-9.95071e-18	9.95071e-18	
0.0025	1	1	-9.99013e-18	9.99013e-18	
0.0026	0.998027	0.998027	-9.99013e-18	9.99013e-18	
0.0027	0.992115	0.992115	-9.95071e-18	9.95071e-18	
0.0028	0.982287	0.982287	-9.87201e-18	9.87201e-18	
0.0029	0.968583	0.968583	-9.75435e-18	9.75435e-18	
0.003	0.951057	0.951057	-9.5982e-18	9.5982e-18	
0.0031	0.929776	0.929776	-9.40417e-18	9.40417e-18	
0.0032	0.904827	0.904827	-9.17302e-18	9.17302e-18	
0.0033	0.876307	0.876307	-8.90567e-18	8.90567e-18	
0.0034	0.844328	0.844328	-8.60317e-18	8.60317e-18	
0.0035	0.809017	0.809017	-8.26672e-18	8.26672e-18	
0.0036	0.770513	0.770513	-7.89765e-18	7.89765e-18	
0.0037	0.728969	0.728969	-7.49741e-18	7.49741e-18	
0.0038	0.684547	0.684547	-7.06758e-18	7.06758e-18	
0.0039	0.637424	0.637424	-6.60986e-18	6.60986e-18	
0.004	0.587785	0.587785	-6.12605e-18	6.12605e-18	
0.0041	0.535827	0.535827	-5.61806e-18	5.61806e-18	
0.0042	0.481754	0.481754	-5.0879e-18	5.0879e-18	
0.0043	0.425779	0.425779	-4.53766e-18	4.53766e-18	
0.0044	0.368125	0.368125	-3.96952e-18	3.96952e-18	
0.0045	0.309017	0.309017	-3.38571e-18	3.38571e-18	
0.0046	0.24869	0.24869	-2.78853e-18	2.78853e-18	
0.0047	0.187381	0.187381	-2.18036e-18	2.18036e-18	
0.0048	0.125333	0.125333	-1.56357e-18	1.56357e-18	
0.0049	0.0627905	0.0627905	-9.40619e-19	9.40619e-19	
0.005	1.22465e-16	1.22151e-16	-3.13953e-19	3.13953e-19	
0.0051	-0.0627905	-0.0627905	3.13953e-19	-3.13953e-19	
0.0052	-0.125333	-0.125333	9.40619e-19	-9.40619e-19	
0.0053	-0.187381	-0.187381	1.56357e-18	-1.56357e-18	
0.0054	-0.24869	-0.24869	2.18036e-18	-2.18036e-18	
0.0055	-0.309017	-0.309017	2.78853e-18	-2.78853e-18	
0.0056	-0.368125	-0.368125	3.38571e-18	-3.38571e-18	
0.0057	-0.425779	-0.425779	3.96952e-18	-3.96952e-18	
0.0058	-0.481754	-0.481754	4.53766e-18	-4.53766e-18	
0.0059	-0.535827	-0.535827	5.0879e-18	-5.0879e-18	
0.006	-0.587785	-0.587785	5.61806e-18	-5.61806e-18	
0.0061	-0.637424	-0.637424	6.12605e-18	-6.12605e-18	
0.0062	-0.684547	-0.684547	6.60986e-18	-6.60986e-18	
0.0063	-0.728969	-0.728969	7.06758e-18	-7.06758e-18	
0.0064	-0.770513	-0.770513	7.49741e-18	-7.49741e-18	
0.0065	-0.809017	-0.809017	7.89765e-18	-7.89765e-18	
0.0066	-0.844328	-0.844328	8.26672e-18	-8.26672e-18	
0.0067	-0.876307	-0.876307	8.60317e-18	-8.60317e-18	
0.0068	-0.904827	-0.904827	8.90567e-18	-8.90567e-18	
0.0069	-0.929776	-0.929776	9.17302e-18	-9.17302e-18	
0.007	-0.951057	-0.951057	9.40417e-18	-9.40417e-18	
0.0071	-0.968583	-0.968583	9.5982e-18	-9.5982e-18	
0.0072	-0.982287	-0.982287	9.75435e-18	-9.75435e-18	
0.0073	-0.992115	-0.992115	9.87201e-18	-9.87201e-18	
0.0074	-0.998027	-0.998027	9.95071e-18	-9.95071e-18	
0.0075	-1	-1	9.99013e-18	-9.99013e-18	
0.0076	-0.998027	-0.998027	9.99013e-18	-9.99013e-18	
0.0077	-0.992115	-0.992115	9.95071e-18	-9.95071e-18	
0.0078	-0.982287	-0.982287	9.87201e-18	-9.87201e-18	
0.0079	-0.968583	-0.968583	9.75435e-18	-9.75435e-18	
0.008	-0.951057	-0.951057	9.5982e-18	-9.5982e-18	
0.0081	-0.929776	-0.929776	9.40417e-18	-9.40417e-18	
0.0082	-0.904827	-0.904827	9.17302e-18	-9.17302e-18	
0.0083	-0.876307	-0.876307	8.90567e-18	-8.90567e-18	
0.0084	-0.844328	-0.844328	8.60317e-18	-8.60317e-18	
0.0085	-0.809017	-0.809017	8.26672e-18	-8.26672e-18	
0.0086	-0.770513	-0.770513	7.89765e-18	-7.89765e-18	
0.0087	-0.728969	-0.728969	7.49741e-18	-7.49741e-18	
0.0088	-0.684547	-0.684547	7.06758e-18	-7.06758e-18	
0.0089	-0.637424	-0.637424	6.60986e-18	-6.60986e-18	
0.009	-0.587785	-0.587785	6.12605e-18	-6.12605e-18	
0.0091	-0.535827	-0.535827	5.61806e-18	-5.61806e-18	
0.0092	-0.481754	-0.481754	5.0879e-18	-5.0879e-18	
0.0093	-0.425779	-0.425779	4.53766e-18	-4.53766e-18	
0.0094	-0.368125	-0.368125	3.96952e-18	-3.96952e-18	
0.0095	-0.309017	-0.309017	3.38571e-18	-3.38571e-18	
0.0096	-0.24869	-0.24869	2.78853e-18	-2.78853e-18	
0.0097	-0.187381	-0.187381	2.18036e-18	-2.18036e-18	
0.0098	-0.125333	-0.125333	1.56357e-18	-1.56357e-18	
0.0099	-0.0627905	-0.0627905	9.40619e-19	-9.40619e-19	
0.01	-2.90946e-15	-2.90915e-15	3.13953e-19	-3.13953e-19	
0.0101	0.0627905	0.0627905	-3.13953e-19	3.13953e-19	
0.0102	0.125333	0.125333	-9.40619e-19	9.40619e-19	
0.0103	0.187381	0.187381	-1.56357e-18	1.56357e-18	
0.0104	0.24869	0.24869	-2.18036e-18	2.18036e-18	
0.0105	0.309017	0.309017	-2.78853e-18	2.78853e-18	
0.0106	0.368125	0.368125	-3.38571e-18	3.38571e-18	
0.0107	0.425779	0.425779	-3.96952e-18	3.96952e-18	
0.0108	0.481754	0.481754	-4.53766e-18	4.53766e-18	
0.0109	0.535827	0.535827	-5.0879e-18	5.0879e-18	
0.011	0.587785	0.587785	-5.61806e-18	5.61806e-18	
0.0111	0.637424	0.637424	-6.12605e-18	6.12605e-18	
0.0112	0.684547	0.684547	-6.60986e-18	6.60986e-18	
0.0113	0.728969	0.728969	-7.06758e-18	7.06758e-18	
0.0114	0.770513	0.770513	-7.49741e-18	7.49741e-18	
0.0115	0.809017	0.809017	-7.89765e-18	7.89765e-18	
0.0116	0.844328	0.844328	-8.26672e-18	8.26672e-18	
0.0117	0.876307	0.876307	-8.60317e-18	8.60317e-18	
0.0118	0.904827	0.904827	-8.90567e-18	8.90567e-18	
0.0119	0.929776	0.929776	-9.17302e-18	9.17302e-18	
0.012	0.951057	0.951057	-9.40417e-18	9.40417e-18	
0.0121	0.968583	0.968583	-9.5982e-18	9.5982e-18	
0.0122	0.982287	0.982287	-9.75435e-18	9.75435e-18	
0.0123	0.992115	0.992115	-9.87201e-18	9.87201e-18	
0.0124	0.998027	0.998027	-9.95071e-18	9.95071e-18	
0.0125	1	1	-9.99013e-18	9.99013e-18	
0.0126	0.998027	0.998027	-9.99013e-18	9.99013e-18	
0.0127	0.992115	0.992115	-9.95071e-18	9.95071e-18	
0.0128	0.982287	0.982287	-9.87201e-18	9.87201e-18	
0.0129	0.968583	0.968583	-9.75435e-18	9.75435e-18	
0.013	0.951057	0.951057	-9.5982e-18	9.5982e-18	
0.0131	0.929776	0.929776	-9.40417e-18	9.40417e-18	
0.0132	0.904827	0.904827	-9.17302e-18	9.17302e-18	
0.0133	0.876307	0.876307	-8.90567e-18	8.90567e-18	
0.0134	0.844328	0.844328	-8.60317e-18	8.60317e-18	
0.0135	0.809017	0.809017	-8.26672e-18	8.26672e-18	
0.0136	0.770513	0.770513	-7.89765e-18	7.89765e-18	
0.0137	0.728969	0.728969	-7.49741e-18	7.49741e-18	
0.0138	0.684547	0.684547	-7.06758e-18	7.06758e-18	
0.0139	0.637424	0.637424	-6.60986e-18	6.60986e-18	
0.014	0.587785	0.587785	-6.12605e-18	6.12605e-18	
0.0141	0.535827	0.535827	-5.61806e-18	5.61806e-18	
0.0142	0.481754	0.481754	-5.0879e-18	5.0879e-18	
0.0143	0.425779	0.425779	-4.53766e-18	4.53766e-18	
0.0144	0.368125	0.368125	-3.96952e-18	3.96952e-18	
0.0145	0.309017	0.309017	-3.38571e-18	3.38571e-18	
0.0146	0.24869	0.24869	-2.78853e-18	2.78853e-18	
0.0147	0.187381	0.187381	-2.18036e-18	2.18036e-18	
0.0148	0.125333	0.125333	-1.56357e-18	1.56357e-18	
0.0149	0.0627905	0.0627905	-9.40619e-19	9.40619e-19	
0.015	2.16837e-14	2.16834e-14	-3.13953e-19	3.13953e-19	
0.0151	-0.0627905	-0.0627905	3.13953e-19	-3.13953e-19	
0.0152	-0.125333	-0.125333	9.40619e-19	-9.40619e-19	
0.0153	-0.187381	-0.187381	1.56357e-18	-1.56357e-18	
0.0154	-0.24869	-0.24869	2.18036e-18	-2.18036e-18	
0.0155	-0.309017	-0.309017	2.78853e-18	-2.78853e-18	
0.0156	-0.368125	-0.368125	3.38571e-18	-3.38571e-18	
0.0157	-0.425779	-0.425779	3.96952e-18	-3.96952e-18	
0.0158	-0.481754	-0.481754	4.53766e-18	-4.53766e-18	
0.0159	-0.535827	-0.535827	5.0879e-18	-5.0879e-18	
0.016	-0.587785	-0.587785	5.61806e-18	-5.61806e-18	
0.0161	-0.637424	-0.637424	6.12605e-18	-6.12605e-18	
0.0162	-0.684547	-0.684547	6.60986e-18	-6.60986e-18	
0.0163	-0.728969	-0.728969	7.06758e-18	-7.06758e-18	
0.0164	-0.770513	-0.770513	7.49741e-18	-7.49741e-18	
0.0165	-0.809017	-0.809017	7.89765e-18	-7.89765e-18	
0.0166	-0.844328	-0.844328	8.26672e-18	-8.26672e-18	
0.0167	-0.876307	-0.876307	8.60317e-18	-8.60317e-18	
0.0168	-0.904827	-0.904827	8.90567e-18	-8.90567e-18	
0.0169	-0.929776	-0.929776	9.17302e-18	-9.17302e-18	
0.017	-0.951057	-0.951057	9.40417e-18	-9.40417e-18	
0.0171	-0.968583	-0.968583	9.5982e-18	-9.5982e-18	
0.0172	-0.982287	-0.982287	9.75435e-18	-9.75435e-18	
0.0173	-0.992115	-0.992115	9.87201e-18	-9.87201e-18	
0.0174	-0.998027	-0.998027	9.95071e-18	-9.95071e-18	
0.0175	-1	-1	9.99013e-18	-9.99013e-18	
0.0176	-0.998027	-0.998027	9.99013e-18	-9.99013e-18	
0.0177	-0.992115	-0.992115	9.95071e-18	-9.95071e-18	
0.0178	-0.982287	-0.982287	9.87201e-18	-9.87201e-18	
0.0179	-0.968583	-0.968583	9.75435e-18	-9.75435e-18	
0.018	-0.951057	-0.951057	9.5982e-18	-9.5982e-18	
0.0181	-0.929776	-0.929776	9.40417e-18	-9.40417e-18	
0.0182	-0.904827	-0.904827	9.17302e-18	-9.17302e-18	
0.0183	-0.876307	-0.876307	8.90567e-18	-8.90567e-18	
0.0184	-0.844328	-0.844328	8.60317e-18	-8.60317e-18	
0.0185	-0.809017	-0.809017	8.26672e-18	-8.26672e-18	
0.0186	-0.770513	-0.770513	7.89765e-18	-7.89765e-18	
0.0187	-0.728969	-0.728969	7.49741e-18	-7.49741e-18	
0.0188	-0.684547	-0.684547	7.06758e-18	-7.06758e-18	
0.0189	-0.637424	-0.637424	6.60986e-18	-6.60986e-18	
0.019	-0.587785	-0.587785	6.12605e-18	-6.12605e-18	
0.0191	-0.535827	-0.535827	5.61806e-18	-5.61806e-18	
0.0192	-0.481754	-0.481754	5.0879e-18	-5.0879e-18	
0.0193	-0.425779	-0.425779	4.53766e-18	-4.53766e-18	
0.0194	-0.368125	-0.368125	3.96952e-18	-3.96952e-18	
0.0195	-0.309017	-0.309017	3.38571e-18	-3.38571e-18	
0.0196	-0.24869	-0.24869	2.78853e-18	-2.78853e-18	
0.0197	-0.187381	-0.187381	2.18036e-18	-2.18036e-18	
0.0198	-0.125333	-0.125333	1.56357e-18	-1.56357e-18	
0.0199	-0.0627905	-0.0627905	9.40619e-19	-9.40619e-19	
0.02	-4.13461e-14	-4.13458e-14	3.13953e-19	-3.13953e-19	
0.0201	0.0627905	0.0627905	-3.13953e-19	3.13953e-19	
0.0202	0.125333	0.125333	-9.40619e-19	9.40619e-19	
0.0203	0.187381	0.187381	-1.56357e-18	1.56357e-18	
0.0204	0.24869	0.24869	-2.18036e-18	2.18036e-18	
0.0205	0.309017	0.309017	-2.78853e-18	2.78853e-18	
0.0206	0.368125	0.368125	-3.38571e-18	3.38571e-18	
0.0207	0.425779	0.425779	-3.96952e-18	3.96952e-18	
0.0208	0.481754	0.481754	-4.53766e-18	4.53766e-18	
0.0209	0.535827	0.535827	-5.0879e-18	5.0879e-18	
0.021	0.587785	0.587785	-5.61806e-18	5.61806e-18	
0.0211	0.637424	0.637424	-6.12605e-18	6.12605e-18	
0.0212	0.684547	0.684547	-6.60986e-18	6.60986e-18	
0.0213	0.728969	0.728969	-7.06758e-18	7.06758e-18	
0.0214	0.770513	0.770513	-7.49741e-18	7.49741e-18	
0.0215	0.809017	0.809017	-7.89765e-18	7.89765e-18	
0.0216	0.844328	0.844328	-8.26672e-18	8.26672e-18	
0.0217	0.876307	0.876307	-8.60317e-18	8.60317e-18	
0.0218	0.904827	0.904827	-8.90567e-18	8.90567e-18	
0.0219	0.929776	0.929776	-9.17302e-18	9.17302e-18	
0.022	0.951057	0.951057	-9.40417e-18	9.40417e-18	
0.0221	0.968583	0.968583	-9.5982e-18	9.5982e-18	
0.0222	0.982287	0.982287	-9.75435e-18	9.75435e-18	
0.0223	0.992115	0.992115	-9.87201e-18	9.87201e-18	
0.0224	0.998027	0.998027	-9.95071e-18	9.95071e-18	
0.0225	1	1	-9.99013e-18	9.99013e-18	
0.0226	0.998027	0.998027	-9.99013e-18	9.99013e-18	
0.0227	0.992115	0.992115	-9.95071e-18	9.95071e-18	
0.0228	0.982287	0.982287	-9.87201e-18	9.87201e-18	
0.0229	0.968583	0.968583	-9.75435e-18	9.75435e-18	
0.023	0.951057	0.951057	-9.5982e-18	9.5982e-18	
0.0231	0.929776	0.929776	-9.40417e-18	9.40417e-18	
0.0232	0.904827	0.904827	-9.17302e-18	9.17302e-18	
0.0233	0.876307	0.876307	-8.90567e-18	8.90567e-18	
0.0234	0.844328	0.844328	-8.60317e-18	8.60317e-18	
0.0235	0.809017	0.809017	-8.26672e-18	8.26672e-18	
0.0236	0.770513	0.770513	-7.89765e-18	7.89765e-18	
0.0237	0.728969	0.728969	-7.49741e-18	7.49741e-18	
0.0238	0.684547	0.684547	-7.06758e-18	7.06758e-18	
0.0239	0.637424	0.637424	-6.60986e-18	6.60986e-18	
0.024	0.587785	0.587785	-6.12605e-18	6.12605e-18	
0.0241	0.535827	0.535827	-5.61806e-18	5.61806e-18	
0.0242	0.481754	0.481754	-5.0879e-18	5.0879e-18	
0.0243	0.425779	0.425779	-4.53766e-18	4.53766e-18	
0.0244	0.368125	0.368125	-3.96952e-18	3.96952e-18	
0.0245	0.309017	0.309017	-3.38571e-18	3.38571e-18	
0.0246	0.24869	0.24869	-2.78853e-18	2.78853e-18	
0.0247	0.187381	0.187381	-2.18036e-18	2.18036e-18	
0.0248	0.125333	0.125333	-1.56357e-18	1.56357e-18	
0.0249	0.0627905	0.0627905	-9.40619e-19	9.40619e-19	
0.025	5.92321e-14	5.92318e-14	-3.13953e-19	3.13953e-19	
0.0251	-0.0627905	-0.0627905	3.13953e-19	-3.13953e-19	
0.0252	-0.125333	-0.125333	9.40619e-19	-9.40619e-19	
0.0253	-0.187381	-0.187381	1.56357e-18	-1.56357e-18	
0.0254	-0.24869	-0.24869	2.18036e-18	-2.18036e-18	
0.0255	-0.309017	-0.309017	2.78853e-18	-2.78853e-18	
0.0256	-0.368125	-0.368125	3.38571e-18	-3.38571e-18	
0.0257	-0.425779	-0.425779	3.96952e-18	-3.96952e-18	
0.0258	-0.481754	-0.481754	4.53766e-18	-4.53766e-18	
0.0259	-0.535827	-0.535827	5.0879e-18	-5.0879e-18	
0.026	-0.587785	-0.587785	5.61806e-18	-5.61806e-18	
0.0261	-0.637424	-0.637424	6.12605e-18	-6.12605e-18	
0.0262	-0.684547	-0.684547	6.60986e-18	-6.60986e-18	
0.0263	-0.728969	-0.728969	7.06758e-18	-7.06758e-18	
0.0264	-0.770513	-0.770513	7.49741e-18	-7.49741e-18	
0.0265	-0.809017	-0.809017	7.89765e-18	-7.89765e-18	
0.0266	-0.844328	-0.844328	8.26672e-18	-8.26672e-18	
0.0267	-0.876307	-0.876307	8.60317e-18	-8.60317e-18	
0.0268	-0.904827	-0.904827	8.90567e-18	-8.90567e-18	
0.0269	-0.929776	-0.929776	9.17302e-18	-9.17302e-18	
0.027	-0.951057	-0.951057	9.40417e-18	-9.40417e-18	
0.0271	-0.968583	-0.968583	9.5982e-18	-9.5982e-18	
0.0272	-0.982287	-0.982287	9.75435e-18	-9.75435e-18	
0.0273	-0.992115	-0.992115	9.87201e-18	-9.87201e-18	
0.0274	-0.998027	-0.998027	9.95071e-18	-9.95071e-18	
0.0275	-1	-1	9.99013e-18	-9.99013e-18	
0.0276	-0.998027	-0.998027	9.99013e-18	-9.99013e-18	
0.0277	-0.992115	-0.992115	9.95071e-18	-9.95071e-18	
0.0278	-0.982287	-0.982287	9.87201e-18	-9.87201e-18	
0.0279	-0.968583	-0.968583	9.75435e-18	-9.75435e-18	
0.028	-0.951057	-0.951057	9.5982e-18	-9.5982e-18	
0.0281	-0.929776	-0.929776	9.40417e-18	-9.40417e-18	
0.0282	-0.904827	-0.904827	9.17302e-18	-9.17302e-18	
0.0283	-0.876307	-0.876307	8.90567e-18	-8.90567e-18	
0.0284	-0.844328	-0.844328	8.60317e-18	-8.60317e-18	
0.0285	-0.809017	-0.809017	8.26672e-18	-8.26672e-18	
0.0286	-0.770513	-0.770513	7.89765e-18	-7.89765e-18	
0.0287	-0.728969	-0.728969	7.49741e-18	-7.49741e-18	
0.0288	-0.684547	-0.684547	7.06758e-18	-7.06758e-18	
0.0289	-0.637424	-0.637424	6.60986e-18	-6.60986e-18	
0.029	-0.587785	-0.587785	6.12605e-18	-6.12605e-18	
0.0291	-0.535827	-0.535827	5.61806e-18	-5.61806e-18	
0.0292	-0.481754	-0.481754	5.0879e-18	-5.0879e-18	
0.0293	-0.425779	-0.425779	4.53766e-18	-4.53766e-18	
0.0294	-0.368125	-0.368125	3.96952e-18	-3.96952e-18	
0.0295	-0.309017	-0.309017	3.38571e-18	-3.38571e-18	
0.0296	-0.24869	-0.24869	2.78853e-18	-2.78853e-18	
0.0297	-0.187381	-0.187381	2.18036e-18	-2.18036e-18	
0.0298	-0.125333	-0.125333	1.56357e-18	-1.56357e-18	
0.0299	-0.0627905	-0.0627905	9.40619e-19	-9.40619e-19	
0.03	-7.88945e-14	-7.88942e-14	3.13953e-19	-3.13953e-19	
0.0301	0.0627905	0.0627905	-3.13953e-19	3.13953e-19	
0.0302	0.125333	0.125333	-9.40619e-19	9.40619e-19	
0.0303	0.187381	0.187381	-1.56357e-18	1.56357e-18	
0.0304	0.24869	0.24869	-2.18036e-18	2.18036e-18	
0.0305	0.309017	0.309017	-2.78853e-18	2.78853e-18	
0.0306	0.368125	0.368125	-3.38571e-18	3.38571e-18	
0.0307	0.425779	0.425779	-3.96952e-18	3.96952e-18	
0.0308	0.481754	0.481754	-4.53766e-18	4.53766e-18	
0.0309	0.535827	0.535827	-5.0879e-18	5.0879e-18	
0.031	0.587785	0.587785	-5.61806e-18	5.61806e-18	
0.0311	0.637424	0.637424	-6.12605e-18	6.12605e-18	
0.0312	0.684547	0.684547	-6.60986e-18	6.60986e-18	
0.0313	0.728969	0.728969	-7.06758e-18	7.06758e-18	
0.0314	0.770513	0.770513	-7.49741e-18	7.49741e-18	
0.0315	0.809017	0.809017	-7.89765e-18	7.89765e-18	
0.0316	0.844328	0.844328	-8.26672e-18	8.26672e-18	
0.0317	0.876307	0.876307	-8.60317e-18	8.60317e-18	
0.0318	0.904827	0.904827	-8.90567e-18	8.90567e-18	
0.0319	0.929776	0.929776	-9.17302e-18	9.17302e-18	
0.032	0.951057	0.951057	-9.40417e-18	9.40417e-18	
0.0321	0.968583	0.968583	-9.5982e-18	9.5982e-18	
0.0322	0.982287	0.982287	-9.75435e-18	9.75435e-18	
0.0323	0.992115	0.992115	-9.87201e-18	9.87201e-18	
0.0324	0.998027	0.998027	-9.95071e-18	9.95071e-18	
0.0325	1	1	-9.99013e-18	9.99013e-18	
0.0326	0.998027	0.998027	-9.99013e-18	9.99013e-18	
0.0327	0.992115	0.992115	-9.95071e-18	9.95071e-18	
0.0328	0.982287	0.982287	-9.87201e-18	9.87201e-18	
0.0329	0.968583	0.968583	-9.75435e-18	9.75435e-18	
0.033	0.951057	0.951057	-9.5982e-18	9.5982e-18	
0.0331	0.929776	0.929776	-9.40417e-18	9.40417e-18	
0.0332	0.904827	0.904827	-9.17302e-18	9.17302e-18	
0.0333	0.876307	0.876307	-8.90567e-18	8.90567e-18	
0.0334	0.844328	0.844328	-8.60317e-18	8.60317e-18	
0.0335	0.809017	0.809017	-8.26672e-18	8.26672e-18	
0.0336	0.770513	0.770513	-7.89765e-18	7.89765e-18	
0.0337	0.728969	0.728969	-7.49741e-18	7.49741e-18	
0.0338	0.684547	0.684547	-7.06758e-18	7.06758e-18	
0.0339	0.637424	0.637424	-6.60986e-18	6.60986e-18	
0.034	0.587785	0.587785	-6.12605e-18	6.12605e-18	
0.0341	0.535827	0.535827	-5.61806e-18	5.61806e-18	
0.0342	0.481754	0.481754	-5.0879e-18	5.0879e-18	
0.0343	0.425779	0.425779	-4.53766e-18	4.53766e-18	
0.0344	0.368125	0.368125	-3.96952e-18	3.96952e-18	
0.0345	0.309017	0.309017	-3.38571e-18	3.38571e-18	
0.0346	0.24869	0.24869	-2.78853e-18	2.78853e-18	
0.0347	0.187381	0.187381	-2.18036e-18	2.18036e-18	
0.0348	0.125333	0.125333	-1.56357e-18	1.56357e-18	
0.0349	0.0627905	0.0627905	-9.40619e-19	9.40619e-19	
0.035	1.50681e-14	1.50678e-14	-3.13953e-19	3.13953e-19	
0.0351	-0.0627905	-0.0627905	3.13953e-19	-3.13953e-19	
0.0352	-0.125333	-0.125333	9.40619e-19	-9.40619e-19	
0.0353	-0.187381	-0.187381	1.56357e-18	-1.56357e-18	
0.0354	-0.24869	-0.24869	2.18036e-18	-2.18036e-18	
0.0355	-0.309017	-0.309017	2.78853e-18	-2.78853e-18	
0.0356	-0.368125	-0.368125	3.38571e-18	-3.38571e-18	
0.0357	-0.425779	-0.425779	3.96952e-18	-3.96952e-18	
0.0358	-0.481754	-0.481754	4.53766e-18	-4.53766e-18	
0.0359	-0.535827	-0.535827	5.0879e-18	-5.0879e-18	
0.036	-0.587785	-0.587785	5.61806e-18	-5.61806e-18	
0.0361	-0.637424	-0.637424	6.12605e-18	-6.12605e-18	
0.0362	-0.684547	-0.684547	6.60986e-18	-6.60986e-18	
0.0363	-0.728969	-0.728969	7.06758e-18	-7.06758e-18	
0.0364	-0.770513	-0.770513	7.49741e-18	-7.49741e-18	
0.0365	-0.809017	-0.809017	7.89765e-18	-7.89765e-18	
0.0366	-0.844328	-0.844328	8.26672e-18	-8.26672e-18	
0.0367	-0.876307	-0.876307	8.60317e-18	-8.60317e-18	
0.0368	-0.904827	-0.904827	8.90567e-18	-8.90567e-18	
0.0369	-0.929776	-0.929776	9.17302e-18	-9.17302e-18	
0.037	-0.951057	-0.951057	9.40417e-18	-9.40417e-18	
0.0371	-0.968583	-0.968583	9.5982e-18	-9.5982e-18	
0.0372	-0.982287	-0.982287	9.75435e-18	-9.75435e-18	
0.0373	-0.992115	-0.992115	9.87201e-18	-9.87201e-18	
0.0374	-0.998027	-0.998027	9.95071e-18	-9.95071e-18	
0.0375	-1	-1	9.99013e-18	-9.99013e-18	
0.0376	-0.998027	-0.998027	9.99013e-18	-9.99013e-18	
0.0377	-0.992115	-0.992115	9.95071e-18	-9.95071e-18	
0.0378	-0.982287	-0.982287	9.87201e-18	-9.87201e-18	
0.0379	-0.968583	-0.968583	9.75435e-18	-9.75435e-18	
0.038	-0.951057	-0.951057	9.5982e-18	-9.5982e-18	
0.0381	-0.929776	-0.929776	9.40417e-18	-9.40417e-18	
0.0382	-0.904827	-0.904827	9.17302e-18	-9.17302e-18	
0.0383	-0.876307	-0.876307	8.90567e-18	-8.90567e-18	
0.0384	-0.844328	-0.844328	8.60317e-18	-8.60317e-18	
0.0385	-0.809017	-0.809017	8.26672e-18	-8.26672e-18	
0.0386	-0.770513	-0.770513	7.89765e-18	-7.89765e-18	
0.0387	-0.728969	-0.728969	7.49741e-18	-7.49741e-18	
0.0388	-0.684547	-0.684547	7.06758e-18	-7.06758e-18	
0.0389	-0.637424	-0.637424	6.60986e-18	-6.60986e-18	
0.039	-0.587785	-0.587785	6.12605e-18	-6.12605e-18	
0.0391	-0.535827	-0.535827	5.61806e-18	-5.61806e-18	
0.0392	-0.481754	-0.481754	5.0879e-18	-5.0879e-18	
0.0393	-0.425779	-0.425779	4.53766e-18	-4.53766e-18	
0.0394	-0.368125	-0.368125	3.96952e-18	-3.96952e-18	
0.0395	-0.309017	-0.309017	3.38571e-18	-3.38571e-18	
0.0396	-0.24869	-0.24869	2.78853e-18	-2.78853e-18	
0.0397	-0.187381	-0.187381	2.18036e-18	-2.18036e-18	
0.0398	-0.125333	-0.125333	1.56357e-18	-1.56357e-18	
0.0399	-0.0627905	-0.0627905	9.40619e-19	-9.40619e-19	
0.04	7.36273e-14	7.36276e-14	3.13953e-19	-3.13953e-19	
0.0401	0.0627905	0.0627905	-3.13953e-19	3.13953e-19	
0.0402	0.125333	0.125333	-9.40619e-19	9.40619e-19	
0.0403	0.187381	0.187381	-1.56357e-18	1.56357e-18	
0.0404	0.24869	0.24869	-2.18036e-18	2.18036e-18	
0.0405	0.309017	0.309017	-2.78853e-18	2.78853e-18	
0.0406	0.368125	0.368125	-3.38571e-18	3.38571e-18	
0.0407	0.425779	0.425779	-3.96952e-18	3.96952e-18	
0.0408	0.481754	0.481754	-4.53766e-18	4.53766e-18	
0.0409	0.535827	0.535827	-5.0879e-18	5.0879e-18	
0.041	0.587785	0.587785	-5.61806e-18	5.61806e-18	
0.0411	0.637424	0.637424	-6.12605e-18	6.12605e-18	
0.0412	0.684547	0.684547	-6.60986e-18	6.60986e-18	
0.0413	0.728969	0.728969	-7.06758e-18	7.06758e-18	
0.0414	0.770513	0.770513	-7.49741e-18	7.49741e-18	
0.0415	0.809017	0.809017	-7.89765e-18	7.89765e-18	
0.0416	0.844328	0.844328	-8.26672e-18	8.26672e-18	
0.0417	0.876307	0.876307	-8.60317e-18	8.60317e-18	
0.0418	0.904827	0.904827	-8.90567e-18	8.90567e-18	
0.0419	0.929776	0.929776	-9.17302e-18	9.17302e-18	
0.042	0.951057	0.951057	-9.40417e-18	9.40417e-18	
0.0421	0.968583	0.968583	-9.5982e-18	9.5982e-18	
0.0422	0.982287	0.982287	-9.75435e-18	9.75435e-18	
0.0423	0.992115	0.992115	-9.87201e-18	9.87201e-18	
0.0424	0.998027	0.998027	-9.95071e-18	9.95071e-18	
0.0425	1	1	-9.99013e-18	9.99013e-18	
0.0426	0.998027	0.998027	-9.99013e-18	9.99013e-18	
0.0427	0.992115	0.992115	-9.95071e-18	9.95071e-18	
0.0428	0.982287	0.982287	-9.87201e-18	9.87201e-18	
0.0429	0.968583	0.968583	-9.75435e-18	9.75435e-18	
0.043	0.951057	0.951057	-9.5982e-18	9.5982e-18	
0.0431	0.929776	0.929776	-9.40417e-18	9.40417e-18	
0.0432	0.904827	0.904827	-9.17302e-18	9.17302e-18	
0.0433	0.876307	0.876307	-8.90567e-18	8.90567e-18	
0.0434	0.844328	0.844328	-8.60317e-18	8.60317e-18	
0.0435	0.809017	0.809017	-8.26672e-18	8.26672e-18	
0.0436	0.770513	0.770513	-7.89765e-18	7.89765e-18	
0.0437	0.728969	0.728969	-7.49741e-18	7.49741e-18	
0.0438	0.684547	0.684547	-7.06758e-18	7.06758e-18	
0.0439	0.637424	0.637424	-6.60986e-18	6.60986e-18	
0.044	0.587785	0.587785	-6.12605e-18	6.12605e-18	
0.0441	0.535827	0.535827	-5.61806e-18	5.61806e-18	
0.0442	0.481754	0.481754	-5.0879e-18	5.0879e-18	
0.0443	0.425779	0.425779	-4.53766e-18	4.53766e-18	
0.0444	0.368125	0.368125	-3.96952e-18	3.96952e-18	
0.0445	0.309017	0.309017	-3.38571e-18	3.38571e-18	
0.0446	0.24869	0.24869	-2.78853e-18	2.78853e-18	
0.0447	0.187381	0.187381	-2.18036e-18	2.18036e-18	
0.0448	0.125333	0.125333	-1.56357e-18	1.56357e-18	
0.0449	0.0627905	0.0627905	-9.40619e-19	9.40619e-19	
0.045	-1.65875e-13	-1.65876e-13	-3.13953e-19	3.13953e-19	
0.0451	-0.0627905	-0.0627905	3.13953e-19	-3.13953e-19	
0.0452	-0.125333	-0.125333	9.40619e-19	-9.40619e-19	
0.0453	-0.187381	-0.187381	1.56357e-18	-1.56357e-18	
0.0454	-0.24869	-0.24869	2.18036e-18	-2.18036e-18	
0.0455	-0.309017	-0.309017	2.78853e-18	-2.78853e-18	
0.0456	-0.368125	-0.368125	3.38571e-18	-3.38571e-18	
0.0457	-0.425779	-0.425779	3.96952e-18	-3.96952e-18	
0.0458	-0.481754	-0.481754	4.53766e-18	-4.53766e-18	
0.0459	-0.535827	-0.535827	5.0879e-18	-5.0879e-18	
0.046	-0.587785	-0.587785	5.61806e-18	-5.61806e-18	
0.0461	-0.637424	-0.637424	6.12605e-18	-6.12605e-18	
0.0462	-0.684547	-0.684547	6.60986e-18	-6.60986e-18	
0.0463	-0.728969	-0.728969	7.06758e-18	-7.06758e-18	
0.0464	-0.770513	-0.770513	7.49741e-18	-7.49741e-18	
0.0465	-0.809017	-0.809017	7.89765e-18	-7.89765e-18	
0.0466	-0.844328	-0.844328	8.26672e-18	-8.26672e-18	
0.0467	-0.876307	-0.876307	8.60317e-18	-8.60317e-18	
0.0468	-0.904827	-0.904827	8.90567e-18	-8.90567e-18	
0.0469	-0.929776	-0.929776	9.17302e-18	-9.17302e-18	
0.047	-0.951057	-0.951057	9.40417e-18	-9.40417e-18	
0.0471	-0.968583	-0.968583	9.5982e-18	-9.5982e-18	
0.0472	-0.982287	-0.982287	9.75435e-18	-9.75435e-18	
0.0473	-0.992115	-0.992115	9.87201e-18	-9.87201e-18	
0.0474	-0.998027	-0.998027	9.95071e-18	-9.95071e-18	
0.0475	-1	-1	9.99013e-18	-9.99013e-18	
0.0476	-0.998027	-0.998027	9.99013e-18	-9.99013e-18	
0.0477	-0.992115	-0.992115	9.95071e-18	-9.95071e-18	
0.0478	-0.982287	-0.982287	9.87201e-18	-9.87201e-18	
0.0479	-0.968583	-0.968583	9.75435e-18	-9.75435e-18	
0.048	-0.951057	-0.951057	9.5982e-18	-9.5982e-18	
0.0481	-0.929776	-0.929776	9.40417e-18	-9.40417e-18	
0.0482	-0.904827	-0.904827	9.17302e-18	-9.17302e-18	
0.0483	-0.876307	-0.876307	8.90567e-18	-8.90567e-18	
0.0484	-0.844328	-0.844328	8.60317e-18	-8.60317e-18	
0.0485	-0.809017	-0.809017	8.26672e-18	-8.26672e-18	
0.0486	-0.770513	-0.770513	7.89765e-18	-7.89765e-18	
0.0487	-0.728969	-0.728969	7.49741e-18	-7.49741e-18	
0.0488	-0.684547	-0.684547	7.06758e-18	-7.06758e-18	
0.0489	-0.637424	-0.637424	6.60986e-18	-6.60986e-18	
0.049	-0.587785	-0.587785	6.12605e-18	-6.12605e-18	
0.0491	-0.535827	-0.535827	5.61806e-18	-5.61806e-18	
0.0492	-0.481754	-0.481754	5.0879e-18	-5.0879e-18	
0.0493	-0.425779	-0.425779	4.53766e-18	-4.53766e-18	
0.0494	-0.368125	-0.368125	3.96952e-18	-3.96952e-18	
0.0495	-0.309017	-0.309017	3.38571e-18	-3.38571e-18	
0.0496	-0.24869	-0.24869	2.78853e-18	-2.78853e-18	
0.0497	-0.187381	-0.187381	2.18036e-18	-2.18036e-18	
0.0498	-0.125333	-0.125333	1.56357e-18	-1.56357e-18	
0.0499	-0.0627905	-0.0627905	9.40619e-19	-9.40619e-19	
0.05	2.54571e-13	2.54571e-13	3.13953e-19	-3.13953e-19	
0.0501	0.0627905	0.0627905	-3.13953e-19	3.13953e-19	
0.0502	0.125333	0.125333	-9.40619e-19	9.40619e-19	
0.0503	0.187381	0.187381	-1.56357e-18	1.56357e-18	
0.0504	0.24869	0.24869	-2.18036e-18	2.18036e-18	
0.0505	0.309017	0.309017	-2.78853e-18	2.78853e-18	
0.0506	0.368125	0.368125	-3.38571e-18	3.38571e-18	
0.0507	0.425779	0.425779	-3.96952e-18	3.96952e-18	
0.0508	0.481754	0.481754	-4.53766e-18	4.53766e-18	
0.0509	0.535827	0.535827	-5.0879e-18	5.0879e-18	
0.051	0.587785	0.587785	-5.61806e-18	5.61806e-18	
0.0511	0.637424	0.637424	-6.12605e-18	6.12605e-18	
0.0512	0.684547	0.684547	-6.60986e-18	6.60986e-18	
0.0513	0.728969	0.728969	-7.06758e-18	7.06758e-18	
0.0514	0.770513	0.770513	-7.49741e-18	7.49741e-18	
0.0515	0.809017	0.809017	-7.89765e-18	7.89765e-18	
0.0516	0.844328	0.844328	-8.26672e-18	8.26672e-18	
0.0517	0.876307	0.876307	-8.60317e-18	8.60317e-18	
0.0518	0.904827	0.904827	-8.90567e-18	8.90567e-18	
0.0519	0.929776	0.929776	-9.17302e-18	9.17302e-18	
0.052	0.951057	0.951057	-9.40417e-18	9.40417e-18	
0.0521	0.968583	0.968583	-9.5982e-18	9.5982e-18	
0.0522	0.982287	0.982287	-9.75435e-18	9.75435e-18	
0.0523	0.992115	0.992115	-9.87201e-18	9.87201e-18	
0.0524	0.998027	0.998027	-9.95071e-18	9.95071e-18	
0.0525	1	1	-9.99013e-18	9.99013e-18	
0.0526	0.998027	0.998027	-9.99013e-18	9.99013e-18	
0.0527	0.992115	0.992115	-9.95071e-18	9.95071e-18	
0.0528	0.982287	0.982287	-9.87201e-18	9.87201e-18	
0.0529	0.968583	0.968583	-9.75435e-18	9.75435e-18	
0.053	0.951057	0.951057	-9.5982e-18	9.5982e-18	
0.0531	0.929776	0.929776	-9.40417e-18	9.40417e-18	
0.0532	0.904827	0.904827	-9.17302e-18	9.17302e-18	
0.0533	0.876307	0.876307	-8.90567e-18	8.90567e-18	
0.0534	0.844328	0.844328	-8.60317e-18	8.60317e-18	
0.0535	0.809017	0.809017	-8.26672e-18	8.26672e-18	
0.0536	0.770513	0.770513	-7.89765e-18	7.89765e-18	
0.0537	0.728969	0.728969	-7.49741e-18	7.49741e-18	
0.0538	0.684547	0.684547	-7.06758e-18	7.06758e-18	
0.0539	0.637424	0.637424	-6.60986e-18	6.60986e-18	
0.054	0.587785	0.587785	-6.12605e-18	6.12605e-18	
0.0541	0.535827	0.535827	-5.61806e-18	5.61806e-18	
0.0542	0.481754	0.481754	-5.0879e-18	5.0879e-18	
0.0543	0.425779	0.425779	-4.53766e-18	4.53766e-18	
0.0544	0.368125	0.368125	-3.96952e-18	3.96952e-18	
0.0545	0.309017	0.309017	-3.38571e-18	3.38571e-18	
0.0546	0.24869	0.24869	-2.78853e-18	2.78853e-18	
0.0547	0.187381	0.187381	-2.18036e-18	2.18036e-18	
0.0548	0.125333	0.125333	-1.56357e-18	1.56357e-18	
0.0549	0.0627905	0.0627905	-9.40619e-19	9.40619e-19	
0.055	-3.43266e-13	-3.43266e-13	-3.13953e-19	3.13953e-19	
0.0551	-0.0627905	-0.0627905	3.13953e-19	-3.13953e-19	
0.0552	-0.125333	-0.125333	9.40619e-19	-9.40619e-19	
0.0553	-0.187381	-0.187381	1.56357e-18	-1.56357e-18	
0.0554	-0.24869	-0.24869	2.18036e-18	-2.18036e-18	
0.0555	-0.309017	-0.309017	2.78853e-18	-2.78853e-18	
0.0556	-0.368125	-0.368125	3.38571e-18	-3.38571e-18	
0.0557	-0.425779	-0.425779	3.96952e-18	-3.96952e-18	
0.0558	-0.481754	-0.481754	4.53766e-18	-4.53766e-18	
0.0559	-0.535827	-0.535827	5.0879e-18	-5.0879e-18	
0.056	-0.587785	-0.587785	5.61806e-18	-5.61806e-18	
0.0561	-0.637424	-0.637424	6.12605e-18	-6.12605e-18	
0.0562	-0.684547	-0.684547	6.60986e-18	-6.60986e-18	
0.0563	-0.728969	-0.728969	7.06758e-18	-7.06758e-18	
0.0564	-0.770513	-0.770513	7.49741e-18	-7.49741e-18	
0.0565	-0.809017	-0.809017	7.89765e-18	-7.89765e-18	
0.0566	-0.844328	-0.844328	8.26672e-18	-8.26672e-18	
0.0567	-0.876307	-0.876307	8.60317e-18	-8.60317e-18	
0.0568	-0.904827	-0.904827	8.90567e-18	-8.90567e-18	
0.0569	-0.929776	-0.929776	9.17302e-18	-9.17302e-18	
0.057	-0.951057	-0.951057	9.40417e-18	-9.40417e-18	
0.0571	-0.968583	-0.968583	9.5982e-18	-9.5982e-18	
0.0572	-0.982287	-0.982287	9.75435e-18	-9.75435e-18	
0.0573	-0.992115	-0.992115	9.87201e-18	-9.87201e-18	
0.0574	-0.998027	-0.998027	9.95071e-18	-9.95071e-18	
0.0575	-1	-1	9.99013e-18	-9.99013e-18	
0.0576	-0.998027	-0.998027	9.99013e-18	-9.99013e-18	
0.0577	-0.992115	-0.992115	9.95071e-18	-9.95071e-18	
0.0578	-0.982287	-0.982287	9.87201e-18	-9.87201e-18	
0.0579	-0.968583	-0.968583	9.75435e-18	-9.75435e-18	
0.058	-0.951057	-0.951057	9.5982e-18	-9.5982e-18	
0.0581	-0.929776	-0.929776	9.40417e-18	-9.40417e-18	
0.0582	-0.904827	-0.904827	9.17302e-18	-9.17302e-18	
0.0583	-0.876307	-0.876307	8.90567e-18	-8.90567e-18	
0.0584	-0.844328	-0.844328	8.60317e-18	-8.60317e-18	
0.0585	-0.809017	-0.809017	8.26672e-18	-8.26672e-18	
0.0586	-0.770513	-0.770513	7.89765e-18	-7.89765e-18	
0.0587	-0.728969	-0.728969	7.49741e-18	-7.49741e-18	
0.0588	-0.684547	-0.684547	7.06758e-18	-7.06758e-18	
0.0589	-0.637424	-0.637424	6.60986e-18	-6.60986e-18	
0.059	-0.587785	-0.587785	6.12605e-18	-6.12605e-18	
0.0591	-0.535827	-0.535827	5.61806e-18	-5.61806e-18	
0.0592	-0.481754	-0.481754	5.0879e-18	-5.0879e-18	
0.0593	-0.425779	-0.425779	4.53766e-18	-4.53766e-18	
0.0594	-0.368125	-0.368125	3.96952e-18	-3.96952e-18	
0.0595	-0.309017	-0.309017	3.38571e-18	-3.38571e-18	
0.0596	-0.24869	-0.24869	2.78853e-18	-2.78853e-18	
0.0597	-0.187381	-0.187381	2.18036e-18	-2.18036e-18	
0.0598	-0.125333	-0.125333	1.56357e-18	-1.56357e-18	
0.0599	-0.0627905	-0.0627905	9.40619e-19	-9.40619e-19	
0.06	4.31961e-13	4.31962e-13	3.13953e-19	-3.13953e-19	
0.0601	0.0627905	0.0627905	-3.13953e-19	3.13953e-19	
0.0602	0.125333	0.125333	-9.40619e-19	9.40619e-19	
0.0603	0.187381	0.187381	-1.56357e-18	1.56357e-18	
0.0604	0.24869	0.24869	-2.18036e-18	2.18036e-18	
0.0605	0.309017	0.309017	-2.78853e-18	2.78853e-18	
0.0606	0.368125	0.368125	-3.38571e-18	3.38571e-18	
0.0607	0.425779	0.425779	-3.96952e-18	3.96952e-18	
0.0608	0.481754	0.481754	-4.53766e-18	4.53766e-18	
0.0609	0.535827	0.535827	-5.0879e-18	5.0879e-18	
0.061	0.587785	0.587785	-5.61806e-18	5.61806e-18	
0.0611	0.637424	0.637424	-6.12605e-18	6.12605e-18	
0.0612	0.684547	0.684547	-6.60986e-18	6.60986e-18	
0.0613	0.728969	0.728969	-7.06758e-18	7.06758e-18	
0.0614	0.770513	0.770513	-7.49741e-18	7.49741e-18	
0.0615	0.809017	0.809017	-7.89765e-18	7.89765e-18	
0.0616	0.844328	0.844328	-8.26672e-18	8.26672e-18	
0.0617	0.876307	0.876307	-8.60317e-18	8.60317e-18	
0.0618	0.904827	0.904827	-8.90567e-18	8.90567e-18	
0.0619	0.929776	0.929776	-9.17302e-18	9.17302e-18	
0.062	0.951057	0.951057	-9.40417e-18	9.40417e-18	
0.0621	0.968583	0.968583	-9.5982e-18	9.5982e-18	
0.0622	0.982287	0.982287	-9.75435e-18	9.75435e-18	
0.0623	0.992115	0.992115	-9.87201e-18	9.87201e-18	
0.0624	0.998027	0.998027	-9.95071e-18	9.95071e-18	
0.0625	1	1	-9.99013e-18	9.99013e-18	
0.0626	0.998027	0.998027	-9.99013e-18	9.99013e-18	
0.0627	0.992115	0.992115	-9.95071e-18	9.95071e-18	
0.0628	0.982287	0.982287	-9.87201e-18	9.87201e-18	
0.0629	0.968583	0.968583	-9.75435e-18	9.75435e-18	
0.063	0.951057	0.951057	-9.5982e-18	9.5982e-18	
0.0631	0.929776	0.929776	-9.40417e-18	9.40417e-18	
0.0632	0.904827	0.904827	-9.17302e-18	9.17302e-18	
0.0633	0.876307	0.876307	-8.90567e-18	8.90567e-18	
0.0634	0.844328	0.844328	-8.60317e-18	8.60317e-18	
0.0635	0.809017	0.809017	-8.26672e-18	8.26672e-18	
0.0636	0.770513	0.770513	-7.89765e-18	7.89765e-18	
0.0637	0.728969	0.728969	-7.49741e-18	7.49741e-18	
0.0638	0.684547	0.684547	-7.06758e-18	7.06758e-18	
0.0639	0.637424	0.637424	-6.60986e-18	6.60986e-18	
0.064	0.587785	0.587785	-6.12605e-18	6.12605e-18	
0.0641	0.535827	0.535827	-5.61806e-18	5.61806e-18	
0.0642	0.481754	0.481754	-5.0879e-18	5.0879e-18	
0.0643	0.425779	0.425779	-4.53766e-18	4.53766e-18	
0.0644	0.368125	0.368125	-3.96952e-18	3.96952e-18	
0.0645	0.309017	0.309017	-3.38571e-18	3.38571e-18	
0.0646	0.24869	0.24869	-2.78853e-18	2.78853e-18	
0.0647	0.187381	0.187381	-2.18036e-18	2.18036e-18	
0.0648	0.125333	0.125333	-1.56357e-18	1.56357e-18	
0.0649	0.0627905	0.0627905	-9.40619e-19	9.40619e-19	
0.065	-5.27762e-13	-5.27763e-13	-3.13953e-19	3.13953e-19	
0.0651	-0.0627905	-0.0627905	3.13953e-19	-3.13953e-19	
0.0652	-0.125333	-0.125333	9.40619e-19	-9.40619e-19	
0.0653	-0.187381	-0.187381	1.56357e-18	-1.56357e-18	
0.0654	-0.24869	-0.24869	2.18036e-18	-2.18036e-18	
0.0655	-0.309017	-0.309017	2.78853e-18	-2.78853e-18	
0.0656	-0.368125	-0.368125	3.38571e-18	-3.38571e-18	
0.0657	-0.425779	-0.425779	3.96952e-18	-3.96952e-18	
0.0658	-0.481754	-0.481754	4.53766e-18	-4.53766e-18	
0.0659	-0.535827	-0.535827	5.0879e-18	-5.0879e-18	
0.066	-0.587785	-0.587785	5.61806e-18	-5.61806e-18	
0.0661	-0.637424	-0.637424	6.12605e-18	-6.12605e-18	
0.0662	-0.684547	-0.684547	6.60986e-18	-6.60986e-18	
0.0663	-0.728969	-0.728969	7.06758e-18	-7.06758e-18	
0.0664	-0.770513	-0.770513	7.49741e-18	-7.49741e-18	
0.0665	-0.809017	-0.809017	7.89765e-18	-7.89765e-18	
0.0666	-0.844328	-0.844328	8.26672e-18	-8.26672e-18	
0.0667	-0.876307	-0.876307	8.60317e-18	-8.60317e-18	
0.0668	-0.904827	-0.904827	8.90567e-18	-8.90567e-18	
0.0669	-0.929776	-0.929776	9.17302e-18	-9.17302e-18	
0.067	-0.951057	-0.951057	9.40417e-18	-9.40417e-18	
0.0671	-0.968583	-0.968583	9.5982e-18	-9.5982e-18	
0.0672	-0.982287	-0.982287	9.75435e-18	-9.75435e-18	
0.0673	-0.992115	-0.992115	9.87201e-18	-9.87201e-18	
0.0674	-0.998027	-0.998027	9.95071e-18	-9.95071e-18	
0.0675	-1	-1	9.99013e-18	-9.99013e-18	
0.0676	-0.998027	-0.998027	9.99013e-18	-9.99013e-18	
0.0677	-0.992115	-0.992115	9.95071e-18	-9.95071e-18	
0.0678	-0.982287	-0.982287	9.87201e-18	-9.87201e-18	
0.0679	-0.968583	-0.968583	9.75435e-18	-9.75435e-18	
0.068	-0.951057	-0.951057	9.5982e-18	-9.5982e-18	
0.0681	-0.929776	-0.929776	9.40417e-18	-9.40417e-18	
0.0682	-0.904827	-0.904827	9.17302e-18	-9.17302e-18	
0.0683	-0.876307	-0.876307	8.90567e-18	-8.90567e-18	
0.0684	-0.844328	-0.844328	8.60317e-18	-8.60317e-18	
0.0685	-0.809017	-0.809017	8.26672e-18	-8.26672e-18	
0.0686	-0.770513	-0.770513	7.89765e-18	-7.89765e-18	
0.0687	-0.728969	-0.728969	7.49741e-18	-7.49741e-18	
0.0688	-0.684547	-0.684547	7.06758e-18	-7.06758e-18	
0.0689	-0.637424	-0.637424	6.60986e-18	-6.60986e-18	
0.069	-0.587785	-0.587785	6.12605e-18	-6.12605e-18	
0.0691	-0.535827	-0.535827	5.61806e-18	-5.61806e-18	
0.0692	-0.481754	-0.481754	5.0879e-18	-5.0879e-18	
0.0693	-0.425779	-0.425779	4.53766e-18	-4.53766e-18	
0.0694	-0.368125	-0.368125	3.96952e-18	-3.96952e-18	
0.0695	-0.309017	-0.309017	3.38571e-18	-3.38571e-18	
0.0696	-0.24869	-0.24869	2.78853e-18	-2.78853e-18	
0.0697	-0.187381	-0.187381	2.18036e-18	-2.18036e-18	
0.0698	-0.125333	-0.125333	1.56357e-18	-1.56357e-18	
0.0699	-0.0627905	-0.0627905	9.40619e-19	-9.40619e-19	
0.07	6.16458e-13	6.16458e-13	3.13953e-19	-3.13953e-19	
0.0701	0.0627905	0.0627905	-3.13953e-19	3.13953e-19	
0.0702	0.125333	0.125333	-9.40619e-19	9.40619e-19	
0.0703	0.187381	0.187381	-1.56357e-18	1.56357e-18	
0.0704	0.24869	0.24869	-2.18036e-18	2.18036e-18	
0.0705	0.309017	0.309017	-2.78853e-18	2.78853e-18	
0.0706	0.368125	0.368125	-3.38571e-18	3.38571e-18	
0.0707	0.425779	0.425779	-3.96952e-18	3.96952e-18	
0.0708	0.481754	0.481754	-4.53766e-18	4.53766e-18	
0.0709	0.535827	0.535827	-5.0879e-18	5.0879e-18	
0.071	0.587785	0.587785	-5.61806e-18	5.61806e-18	
0.0711	0.637424	0.637424	-6.12605e-18	6.12605e-18	
0.0712	0.684547	0.684547	-6.60986e-18	6.60986e-18	
0.0713	0.728969	0.728969	-7.06758e-18	7.06758e-18	
0.0714	0.770513	0.770513	-7.49741e-18	7.49741e-18	
0.0715	0.809017	0.809017	-7.89765e-18	7.89765e-18	
0.0716	0.844328	0.844328	-8.26672e-18	8.26672e-18	
0.0717	0.876307	0.876307	-8.60317e-18	8.60317e-18	
0.0718	0.904827	0.904827	-8.90567e-18	8.90567e-18	
0.0719	0.929776	0.929776	-9.17302e-18	9.17302e-18	
0.072	0.951057	0.951057	-9.40417e-18	9.40417e-18	
0.0721	0.968583	0.968583	-9.5982e-18	9.5982e-18	
0.0722	0.982287	0.982287	-9.75435e-18	9.75435e-18	
0.0723	0.992115	0.992115	-9.87201e-18	9.87201e-18	
0.0724	0.998027	0.998027	-9.95071e-18	9.95071e-18	
0.0725	1	1	-9.99013e-18	9.99013e-18	
0.0726	0.998027	0.998027	-9.99013e-18	9.99013e-18	
0.0727	0.992115	0.992115	-9.95071e-18	9.95071e-18	
0.0728	0.982287	0.982287	-9.87201e-18	9.87201e-18	
0.0729	0.968583	0.968583	-9.75435e-18	9.75435e-18	
0.073	0.951057	0.951057	-9.5982e-18	9.5982e-18	
0.0731	0.929776	0.929776	-9.40417e-18	9.40417e-18	
0.0732	0.904827	0.904827	-9.17302e-18	9.17302e-18	
0.0733	0.876307	0.876307	-8.90567e-18	8.90567e-18	
0.0734	0.844328	0.844328	-8.60317e-18	8.60317e-18	
0.0735	0.809017	0.809017	-8.26672e-18	8.26672e-18	
0.0736	0.770513	0.770513	-7.89765e-18	7.89765e-18	
0.0737	0.728969	0.728969	-7.49741e-18	7.49741e-18	
0.0738	0.684547	0.684547	-7.06758e-18	7.06758e-18	
0.0739	0.637424	0.637424	-6.60986e-18	6.60986e-18	
0.074	0.587785	0.587785	-6.12605e-18	6.12605e-18	
0.0741	0.535827	0.535827	-5.61806e-18	5.61806e-18	
0.0742	0.481754	0.481754	-5.0879e-18	5.0879e-18	
0.0743	0.425779	0.425779	-4.53766e-18	4.53766e-18	
0.0744	0.368125	0.368125	-3.96952e-18	3.96952e-18	
0.0745	0.309017	0.309017	-3.38571e-18	3.38571e-18	
0.0746	0.24869	0.24869	-2.78853e-18	2.78853e-18	
0.0747	0.187381	0.187381	-2.18036e-18	2.18036e-18	
0.0748	0.125333	0.125333	-1.56357e-18	1.56357e-18	
0.0749	0.0627905	0.0627905	-9.40619e-19	9.40619e-19	
0.075	-7.05153e-13	-7.05153e-13	-3.13953e-19	3.13953e-19	
0.0751	-0.0627905	-0.0627905	3.13953e-19	-3.13953e-19	
0.0752	-0.125333	-0.125333	9.40619e-19	-9.40619e-19	
0.0753	-0.187381	-0.187381	1.56357e-18	-1.56357e-18	
0.0754	-0.24869	-0.24869	2.18036e-18	-2.18036e-18	
0.0755	-0.309017	-0.309017	2.78853e-18	-2.78853e-18	
0.0756	-0.368125	-0.368125	3.38571e-18	-3.38571e-18	
0.0757	-0.425779	-0.425779	3.96952e-18	-3.96952e-18	
0.0758	-0.481754	-0.481754	4.53766e-18	-4.53766e-18	
0.0759	-0.535827	-0.535827	5.0879e-18	-5.0879e-18	
0.076	-0.587785	-0.587785	5.61806e-18	-5.61806e-18	
0.0761	-0.637424	-0.637424	6.12605e-18	-6.12605e-18	
0.0762	-0.684547	-0.684547	6.60986e-18	-6.60986e-18	
0.0763	-0.728969	-0.728969	7.06758e-18	-7.06758e-18	
0.0764	-0.770513	-0.770513	7.49741e-18	-7.49741e-18	
0.0765	-0.809017	-0.809017	7.89765e-18	-7.89765e-18	
0.0766	-0.844328	-0.844328	8.26672e-18	-8.26672e-18	
0.0767	-0.876307	-0.876307	8.60317e-18	-8.60317e-18	
0.0768	-0.904827	-0.904827	8.90567e-18	-8.90567e-18	
0.0769	-0.929776	-0.929776	9.17302e-18	-9.17302e-18	
0.077	-0.951057	-0.951057	9.40417e-18	-9.40417e-18	
0.0771	-0.968583	-0.968583	9.5982e-18	-9.5982e-18	
0.0772	-0.982287	-0.982287	9.75435e-18	-9.75435e-18	
0.0773	-0.992115	-0.992115	9.87201e-18	-9.87201e-18	
0.0774	-0.998027	-0.998027	9.95071e-18	-9.95071e-18	
0.0775	-1	-1	9.99013e-18	-9.99013e-18	
0.0776	-0.998027	-0.998027	9.99013e-18	-9.99013e-18	
0.0777	-0.992115	-0.992115	9.95071e-18	-9.95071e-18	
0.0778	-0.982287	-0.982287	9.87201e-18	-9.87201e-18	
0.0779	-0.968583	-0.968583	9.75435e-18	-9.75435e-18	
0.078	-0.951057	-0.951057	9.5982e-18	-9.5982e-18	
0.0781	-0.929776	-0.929776	9.40417e-18	-9.40417e-18	
0.0782	-0.904827	-0.904827	9.17302e-18	-9.17302e-18	
0.0783	-0.876307	-0.876307	8.90567e-18	-8.90567e-18	
0.0784	-0.844328	-0.844328	8.60317e-18	-8.60317e-18	
0.0785	-0.809017	-0.809017	8.26672e-18	-8.26672e-18	
0.0786	-0.770513	-0.770513	7.89765e-18	-7.89765e-18	
0.0787	-0.728969	-0.728969	7.49741e-18	-7.49741e-18	
0.0788	-0.684547	-0.684547	7.06758e-18	-7.06758e-18	
0.0789	-0.637424	-0.637424	6.60986e-18	-6.60986e-18	
0.079	-0.587785	-0.587785	6.12605e-18	-6.12605e-18	
0.0791	-0.535827	-0.535827	5.61806e-18	-5.61806e-18	
0.0792	-0.481754	-0.481754	5.0879e-18	-5.0879e-18	
0.0793	-0.425779	-0.425779	4.53766e-18	-4.53766e-18	
0.0794	-0.368125	-0.368125	3.96952e-18	-3.96952e-18	
0.0795	-0.309017	-0.309017	3.38571e-18	-3.38571e-18	
0.0796	-0.24869	-0.24869	2.78853e-18	-2.78853e-18	
0.0797	-0.187381	-0.187381	2.18036e-18	-2.18036e-18	
0.0798	-0.125333	-0.125333	1.56357e-18	-1.56357e-18	
0.0799	-0.0627905	-0.0627905	9.40619e-19	-9.40619e-19	
0.08	7.93848e-13	7.93849e-13	3.13953e-19	-3.13953e-19	
0.0801	0.0627905	0.0627905	-3.13953e-19	3.13953e-19	
0.0802	0.125333	0.125333	-9.40619e-19	9.40619e-19	
0.0803	0.187381	0.187381	-1.56357e-18	1.56357e-18	
0.0804	0.24869	0.24869	-2.18036e-18	2.18036e-18	
0.0805	0.309017	0.309017	-2.78853e-18	2.78853e-18	
0.0806	0.368125	0.368125	-3.38571e-18	3.38571e-18	
0.0807	0.425779	0.425779	-3.96952e-18	3.96952e-18	
0.0808	0.481754	0.481754	-4.53766e-18	4.53766e-18	
0.0809	0.535827	0.535827	-5.0879e-18	5.0879e-18	
0.081	0.587785	0.587785	-5.61806e-18	5.61806e-18	
0.0811	0.637424	0.637424	-6.12605e-18	6.12605e-18	
0.0812	0.684547	0.684547	-6.60986e-18	6.60986e-18	
0.0813	0.728969	0.728969	-7.06758e-18	7.06758e-18	
0.0814	0.770513	0.770513	-7.49741e-18	7.49741e-18	
0.0815	0.809017	0.809017	-7.89765e-18	7.89765e-18	
0.0816	0.844328	0.844328	-8.26672e-18	8.26672e-18	
0.0817	0.876307	0.876307	-8.60317e-18	8.60317e-18	
0.0818	0.904827	0.904827	-8.90567e-18	8.90567e-18	
0.0819	0.929776	0.929776	-9.17302e-18	9.17302e-18	
0.082	0.951057	0.951057	-9.40417e-18	9.40417e-18	
0.0821	0.968583	0.968583	-9.5982e-18	9.5982e-18	
0.0822	0.982287	0.982287	-9.75435e-18	9.75435e-18	
0.0823	0.992115	0.992115	-9.87201e-18	9.87201e-18	
0.0824	0.998027	0.998027	-9.95071e-18	9.95071e-18	
0.0825	1	1	-9.99013e-18	9.99013e-18	
0.0826	0.998027	0.998027	-9.99013e-18	9.99013e-18	
0.0827	0.992115	0.992115	-9.95071e-18	9.95071e-18	
0.0828	0.982287	0.982287	-9.87201e-18	9.87201e-18	
0.0829	0.968583	0.968583	-9.75435e-18	9.75435e-18	
0.083	0.951057	0.951057	-9.5982e-18	9.5982e-18	
0.0831	0.929776	0.929776	-9.40417e-18	9.40417e-18	
0.0832	0.904827	0.904827	-9.17302e-18	9.17302e-18	
0.0833	0.876307	0.876307	-8.90567e-18	8.90567e-18	
0.0834	0.844328	0.844328	-8.60317e-18	8.60317e-18	
0.0835	0.809017	0.809017	-8.26672e-18	8.26672e-18	
0.0836	0.770513	0.770513	-7.89765e-18	7.89765e-18	
0.0837	0.728969	0.728969	-7.49741e-18	7.49741e-18	
0.0838	0.684547	0.684547	-7.06758e-18	7.06758e-18	
0.0839	0.637424	0.637424	-6.60986e-18	6.60986e-18	
0.084	0.587785	0.587785	-6.12605e-18	6.12605e-18	
0.0841	0.535827	0.535827	-5.61806e-18	5.61806e-18	
0.0842	0.481754	0.481754	-5.0879e-18	5.0879e-18	
0.0843	0.425779	0.425779	-4.53766e-18	4.53766e-18	
0.0844	0.368125	0.368125	-3.96952e-18	3.96952e-18	
0.0845	0.309017	0.309017	-3.38571e-18	3.38571e-18	
0.0846	0.24869	0.24869	-2.78853e-18	2.78853e-18	
0.0847	0.187381	0.187381	-2.18036e-18	2.18036e-18	
0.0848	0.125333	0.125333	-1.56357e-18	1.56357e-18	
0.0849	0.0627905	0.0627905	-9.40619e-19	9.40619e-19	
0.085	-8.82544e-13	-8.82544e-13	-3.13953e-19	3.13953e-19	
0.0851	-0.0627905	-0.0627905	3.13953e-19	-3.13953e-19	
0.0852	-0.125333	-0.125333	9.40619e-19	-9.40619e-19	
0.0853	-0.187381	-0.187381	1.56357e-18	-1.56357e-18	
0.0854	-0.24869	-0.24869	2.18036e-18	-2.18036e-18	
0.0855	-0.309017	-0.309017	2.78853e-18	-2.78853e-18	
0.0856	-0.368125	-0.368125	3.38571e-18	-3.38571e-18	
0.0857	-0.425779	-0.425779	3.96952e-18	-3.96952e-18	
0.0858	-0.481754	-0.481754	4.53766e-18	-4.53766e-18	
0.0859	-0.535827	-0.535827	5.0879e-18	-5.0879e-18	
0.086	-0.587785	-0.587785	5.61806e-18	-5.61806e-18	
0.0861	-0.637424	-0.637424	6.12605e-18	-6.12605e-18	
0.0862	-0.684547	-0.684547	6.60986e-18	-6.60986e-18	
0.0863	-0.728969	-0.728969	7.06758e-18	-7.06758e-18	
0.0864	-0.770513	-0.770513	7.49741e-18	-7.49741e-18	
0.0865	-0.809017	-0.809017	7.89765e-18	-7.89765e-18	
0.0866	-0.844328	-0.844328	8.26672e-18	-8.26672e-18	
0.0867	-0.876307	-0.876307	8.60317e-18	-8.60317e-18	
0.0868	-0.904827	-0.904827	8.90567e-18	-8.90567e-18	
0.0869	-0.929776	-0.929776	9.17302e-18	-9.17302e-18	
0.087	-0.951057	-0.951057	9.40417e-18	-9.40417e-18	
0.0871	-0.968583	-0.968583	9.5982e-18	-9.5982e-18	
0.0872	-0.982287	-0.982287	9.75435e-18	-9.75435e-18	
0.0873	-0.992115	-0.992115	9.87201e-18	-9.87201e-18	
0.0874	-0.998027	-0.998027	9.95071e-18	-9.95071e-18	
0.0875	-1	-1	9.99013e-18	-9.99013e-18	
0.0876	-0.998027	-0.998027	9.99013e-18	-9.99013e-18	
0.0877	-0.992115	-0.992115	9.95071e-18	-9.95071e-18	
0.0878	-0.982287	-0.982287	9.87201e-18	-9.87201e-18	
0.0879	-0.968583	-0.968583	9.75435e-18	-9.75435e-18	
0.088	-0.951057	-0.951057	9.5982e-18	-9.5982e-18	
0.0881	-0.929776	-0.929776	9.40417e-18	-9.40417e-18	
0.0882	-0.904827	-0.904827	9.17302e-18	-9.17302e-18	
0.0883	-0.876307	-0.876307	8.90567e-18	-8.90567e-18	
0.0884	-0.844328	-0.844328	8.60317e-18	-8.60317e-18	
0.0885	-0.809017	-0.809017	8.26672e-18	-8.26672e-18	
0.0886	-0.770513	-0.770513	7.89765e-18	-7.89765e-18	
0.0887	-0.728969	-0.728969	7.49741e-18	-7.49741e-18	
0.0888	-0.684547	-0.684547	7.06758e-18	-7.06758e-18	
0.0889	-0.637424	-0.637424	6.60986e-18	-6.60986e-18	
0.089	-0.587785	-0.587785	6.12605e-18	-6.12605e-18	
0.0891	-0.535827	-0.535827	5.61806e-18	-5.61806e-18	
0.0892	-0.481754	-0.481754	5.0879e-18	-5.0879e-18	
0.0893	-0.425779	-0.425779	4.53766e-18	-4.53766e-18	
0.0894	-0.368125	-0.368125	3.96952e-18	-3.96952e-18	
0.0895	-0.309017	-0.309017	3.38571e-18	-3.38571e-18	
0.0896	-0.24869	-0.24869	2.78853e-18	-2.78853e-18	
0.0897	-0.187381	-0.187381	2.18036e-18	-2.18036e-18	
0.0898	-0.125333	-0.125333	1.56357e-18	-1.56357e-18	
0.0899	-0.0627905	-0.0627905	9.40619e-19	-9.40619e-19	
0.09	9.78345e-13	9.78345e-13	3.13953e-19	-3.13953e-19	
0.0901	0.0627905	0.0627905	-3.13953e-19	3.13953e-19	
0.0902	0.125333	0.125333	-9.40619e-19	9.40619e-19	
0.0903	0.187381	0.187381	-1.56357e-18	1.56357e-18	
0.0904	0.24869	0.24869	-2.18036e-18	2.18036e-18	
0.0905	0.309017	0.309017	-2.78853e-18	2.78853e-18	
0.0906	0.368125	0.368125	-3.38571e-18	3.38571e-18	
0.0907	0.425779	0.425779	-3.96952e-18	3.96952e-18	
0.0908	0.481754	0.481754	-4.53766e-18	4.53766e-18	
0.0909	0.535827	0.535827	-5.0879e-18	5.0879e-18	
0.091	0.587785	0.587785	-5.61806e-18	5.61806e-18	
0.0911	0.637424	0.637424	-6.12605e-18	6.12605e-18	
0.0912	0.684547	0.684547	-6.60986e-18	6.60986e-18	
0.0913	0.728969	0.728969	-7.06758e-18	7.06758e-18	
0.0914	0.770513	0.770513	-7.49741e-18	7.49741e-18	
0.0915	0.809017	0.809017	-7.89765e-18	7.89765e-18	
0.0916	0.844328	0.844328	-8.26672e-18	8.26672e-18	
0.0917	0.876307	0.876307	-8.60317e-18	8.60317e-18	
0.0918	0.904827	0.904827	-8.90567e-18	8.90567e-18	
0.0919	0.929776	0.929776	-9.17302e-18	9.17302e-18	
0.092	0.951057	0.951057	-9.40417e-18	9.40417e-18	
0.0921	0.968583	0.968583	-9.5982e-18	9.5982e-18	
0.0922	0.982287	0.982287	-9.75435e-18	9.75435e-18	
0.0923	0.992115	0.992115	-9.87201e-18	9.87201e-18	
0.0924	0.998027	0.998027	-9.95071e-18	9.95071e-18	
0.0925	1	1	-9.99013e-18	9.99013e-18	
0.0926	0.998027	0.998027	-9.99013e-18	9.99013e-18	
0.0927	0.992115	0.992115	-9.95071e-18	9.95071e-18	
0.0928	0.982287	0.982287	-9.87201e-18	9.87201e-18	
0.0929	0.968583	0.968583	-9.75435e-18	9.75435e-18	
0.093	0.951057	0.951057	-9.5982e-18	9.5982e-18	
0.0931	0.929776	0.929776	-9.40417e-18	9.40417e-18	
0.0932	0.904827	0.904827	-9.17302e-18	9.17302e-18	
0.0933	0.876307	0.876307	-8.90567e-18	8.90567e-18	
0.0934	0.844328	0.844328	-8.60317e-18	8.60317e-18	
0.0935	0.809017	0.809017	-8.26672e-18	8.26672e-18	
0.0936	0.770513	0.770513	-7.89765e-18	7.89765e-18	
0.0937	0.728969	0.728969	-7.49741e-18	7.49741e-18	
0.0938	0.684547	0.684547	-7.06758e-18	7.06758e-18	
0.0939	0.637424	0.637424	-6.60986e-18	6.60986e-18	
0.094	0.587785	0.587785	-6.12605e-18	6.12605e-18	
0.0941	0.535827	0.535827	-5.61806e-18	5.61806e-18	
0.0942	0.481754	0.481754	-5.0879e-18	5.0879e-18	
0.0943	0.425779	0.425779	-4.53766e-18	4.53766e-18	
0.0944	0.368125	0.368125	-3.96952e-18	3.96952e-18	
0.0945	0.309017	0.309017	-3.38571e-18	3.38571e-18	
0.0946	0.24869	0.24869	-2.78853e-18	2.78853e-18	
0.0947	0.187381	0.187381	-2.18036e-18	2.18036e-18	
0.0948	0.125333	0.125333	-1.56357e-18	1.56357e-18	
0.0949	0.0627905	0.0627905	-9.40619e-19	9.40619e-19	
0.095	-1.06704e-12	-1.06704e-12	-3.13953e-19	3.13953e-19	
0.0951	-0.0627905	-0.0627905	3.13953e-19	-3.13953e-19	
0.0952	-0.125333	-0.125333	9.40619e-19	-9.40619e-19	
0.0953	-0.187381	-0.187381	1.56357e-18	-1.56357e-18	
0.0954	-0.24869	-0.24869	2.18036e-18	-2.18036e-18	
0.0955	-0.309017	-0.309017	2.78853e-18	-2.78853e-18	
0.0956	-0.368125	-0.368125	3.38571e-18	-3.38571e-18	
0.0957	-0.425779	-0.425779	3.96952e-18	-3.96952e-18	
0.0958	-0.481754	-0.481754	4.53766e-18	-4.53766e-18	
0.0959	-0.535827	-0.535827	5.0879e-18	-5.0879e-18	
0.096	-0.587785	-0.587785	5.61806e-18	-5.61806e-18	
0.0961	-0.637424	-0.637424	6.12605e-18	-6.12605e-18	
0.0962	-0.684547	-0.684547	6.60986e-18	-6.60986e-18	
0.0963	-0.728969	-0.728969	7.06758e-18	-7.06758e-18	
0.0964	-0.770513	-0.770513	7.49741e-18	-7.49741e-18	
0.0965	-0.809017	-0.809017	7.89765e-18	-7.89765e-18	
0.0966	-0.844328	-0.844328	8.26672e-18	-8.26672e-18	
0.0967	-0.876307	-0.876307	8.60317e-18	-8.60317e-18	
0.0968	-0.904827	-0.904827	8.90567e-18	-8.90567e-18	
0.0969	-0.929776	-0.929776	9.17302e-18	-9.17302e-18	
0.097	-0.951057	-0.951057	9.40417e-18	-9.40417e-18	
0.0971	-0.968583	-0.968583	9.5982e-18	-9.5982e-18	
0.0972	-0.982287	-0.982287	9.75435e-18	-9.75435e-18	
0.0973	-0.992115	-0.992115	9.87201e-18	-9.87201e-18	
0.0974	-0.998027	-0.998027	9.95071e-18	-9.95071e-18	
0.0975	-1	-1	9.99013e-18	-9.99013e-18	
0.0976	-0.998027	-0.998027	9.99013e-18	-9.99013e-18	
0.0977	-0.992115	-0.992115	9.95071e-18	-9.95071e-18	
0.0978	-0.982287	-0.982287	9.87201e-18	-9.87201e-18	
0.0979	-0.968583	-0.968583	9.75435e-18	-9.75435e-18	
0.098	-0.951057	-0.951057	9.5982e-18	-9.5982e-18	
0.0981	-0.929776	-0.929776	9.40417e-18	-9.40417e-18	
0.0982	-0.904827	-0.904827	9.17302e-18	-9.17302e-18	
0.0983	-0.876307	-0.876307	8.90567e-18	-8.90567e-18	
0.0984	-0.844328	-0.844328	8.60317e-18	-8.60317e-18	
0.0985	-0.809017	-0.809017	8.26672e-18	-8.26672e-18	
0.0986	-0.770513	-0.770513	7.89765e-18	-7.89765e-18	
0.0987	-0.728969	-0.728969	7.49741e-18	-7.49741e-18	
0.0988	-0.684547	-0.684547	7.06758e-18	-7.06758e-18	
0.0989	-0.637424	-0.637424	6.60986e-18	-6.60986e-18	
0.099	-0.587785	-0.587785	6.12605e-18	-6.12605e-18	
0.0991	-0.535827	-0.535827	5.61806e-18	-5.61806e-18	
0.0992	-0.481754	-0.481754	5.0879e-18	-5.0879e-18	
0.0993	-0.425779	-0.425779	4.53766e-18	-4.53766e-18	
0.0994	-0.368125	-0.368125	3.96952e-18	-3.96952e-18	
0.0995	-0.309017	-0.309017	3.38571e-18	-3.38571e-18	
0.0996	-0.24869	-0.24869	2.78853e-18	-2.78853e-18	
0.0997	-0.187381	-0.187381	2.18036e-18	-2.18036e-18	
0.0998	-0.125333	-0.125333	1.56357e-18	-1.56357e-18	
0.0999	-0.0627905	-0.0627905	9.40619e-19	-9.40619e-19	
