t	1	2	jV0100	
0	0	0	-0	
0.001	0.0125663	0.00628314	-0.00628314	
0.002	0.0251321	0.012566	-0.012566	
0.003	0.0376969	0.0188484	-0.0188484	
0.004	0.0502602	0.0251301	-0.0251301	
0.005	0.0628215	0.0314108	-0.0314108	
0.006	0.0753804	0.0376902	-0.0376902	
0.007	0.0879362	0.0439681	-0.0439681	
0.008	0.100489	0.0502443	-0.0502443	
0.009	0.113037	0.0565185	-0.0565185	
0.01	0.125581	0.0627905	-0.0627905	
0.011	0.13812	0.06906	-0.06906	
0.012	0.150654	0.0753268	-0.0753268	
0.013	0.163181	0.0815906	-0.0815906	
0.014	0.175702	0.0878512	-0.0878512	
0.015	0.188217	0.0941083	-0.0941083	
0.016	0.200723	0.100362	-0.100362	
0.017	0.213222	0.106611	-0.106611	
0.018	0.225713	0.112856	-0.112856	
0.019	0.238194	0.119097	-0.119097	
0.02	0.250666	0.125333	-0.125333	
0.021	0.263129	0.131564	-0.131564	
0.022	0.275581	0.13779	-0.13779	
0.023	0.288022	0.144011	-0.144011	
0.024	0.300451	0.150226	-0.150226	
0.025	0.312869	0.156434	-0.156434	
0.026	0.325274	0.162637	-0.162637	
0.027	0.337667	0.168833	-0.168833	
0.028	0.350046	0.175023	-0.175023	
0.029	0.362412	0.181206	-0.181206	
0.03	0.374763	0.187381	-0.187381	
0.031	0.387099	0.193549	-0.193549	
0.032	0.39942	0.19971	-0.19971	
0.033	0.411725	0.205863	-0.205863	
0.034	0.424014	0.212007	-0.212007	
0.035	0.436286	0.218143	-0.218143	
0.036	0.448542	0.224271	-0.224271	
0.037	0.460779	0.230389	-0.230389	
0.038	0.472998	0.236499	-0.236499	
0.039	0.485198	0.242599	-0.242599	
0.04	0.49738	0.24869	-0.24869	
0.041	0.509541	0.254771	-0.254771	
0.042	0.521683	0.260842	-0.260842	
0.043	0.533804	0.266902	-0.266902	
0.044	0.545904	0.272952	-0.272952	
0.045	0.557982	0.278991	-0.278991	
0.046	0.570039	0.285019	-0.285019	
0.047	0.582072	0.291036	-0.291036	
0.048	0.594083	0.297042	-0.297042	
0.049	0.606071	0.303035	-0.303035	
0.05	0.618034	0.309017	-0.309017	
0.051	0.629973	0.314987	-0.314987	
0.052	0.641887	0.320944	-0.320944	
0.053	0.653776	0.326888	-0.326888	
0.054	0.665639	0.33282	-0.33282	
0.055	0.677476	0.338738	-0.338738	
0.056	0.689286	0.344643	-0.344643	
0.057	0.701069	0.350534	-0.350534	
0.058	0.712824	0.356412	-0.356412	
0.059	0.724551	0.362275	-0.362275	
0.06	0.736249	0.368125	-0.368125	
0.061	0.747918	0.373959	-0.373959	
0.062	0.759558	0.379779	-0.379779	
0.063	0.771168	0.385584	-0.385584	
0.064	0.782747	0.391374	-0.391374	
0.065	0.794296	0.397148	-0.397148	
0.066	0.805813	0.402906	-0.402906	
0.067	0.817298	0.408649	-0.408649	
0.068	0.828751	0.414376	-0.414376	
0.069	0.840171	0.420086	-0.420086	
0.07	0.851559	0.425779	-0.425779	
0.071	0.862912	0.431456	-0.431456	
0.072	0.874232	0.437116	-0.437116	
0.073	0.885516	0.442758	-0.442758	
0.074	0.896766	0.448383	-0.448383	
0.075	0.907981	0.45399	-0.45399	
0.076	0.91916	0.45958	-0.45958	
0.077	0.930302	0.465151	-0.465151	
0.078	0.941408	0.470704	-0.470704	
0.079	0.952476	0.476238	-0.476238	
0.08	0.963507	0.481754	-0.481754	
0.081	0.9745	0.48725	-0.48725	
0.082	0.985455	0.492727	-0.492727	
0.083	0.99637	0.498185	-0.498185	
0.084	1.00725	0.503623	-0.503623	
0.085	1.01808	0.5	-0.5	
0.086	1.02888	0.5	-0.5	
0.087	1.03963	0.5	-0.5	
0.088	1.05035	0.5	-0.5	
0.089	1.06102	0.5	-0.5	
0.09	1.07165	0.5	-0.5	
0.091	1.08224	0.5	-0.5	
0.092	1.09279	0.5	-0.5	
0.093	1.10329	0.5	-0.5	
0.094	1.11375	0.5	-0.5	
0.095	1.12417	0.5	-0.5	
0.096	1.13454	0.5	-0.5	
0.097	1.14486	0.5	-0.5	
0.098	1.15515	0.5	-0.5	
0.099	1.16538	0.5	-0.5	
0.1	1.17557	0.5	-0.5	
0.101	1.18571	0.5	-0.5	
0.102	1.19581	0.5	-0.5	
0.103	1.20586	0.5	-0.5	
0.104	1.21586	0.5	-0.5	
0.105	1.22581	0.5	-0.5	
0.106	1.23572	0.5	-0.5	
0.107	1.24558	0.5	-0.5	
0.108	1.25538	0.5	-0.5	
0.109	1.26514	0.5	-0.5	
0.11	1.27485	0.5	-0.5	
0.111	1.28451	0.5	-0.5	
0.112	1.29411	0.5	-0.5	
0.113	1.30367	0.5	-0.5	
0.114	1.31317	0.5	-0.5	
0.115	1.32262	0.5	-0.5	
0.116	1.33202	0.5	-0.5	
0.117	1.34137	0.5	-0.5	
0.118	1.35067	0.5	-0.5	
0.119	1.35991	0.5	-0.5	
0.12	1.36909	0.5	-0.5	
0.121	1.37823	0.5	-0.5	
0.122	1.38731	0.5	-0.5	
0.123	1.39633	0.5	-0.5	
0.124	1.4053	0.5	-0.5	
0.125	1.41421	0.5	-0.5	
0.126	1.42307	0.5	-0.5	
0.127	1.43187	0.5	-0.5	
0.128	1.44062	0.5	-0.5	
0.129	1.44931	0.5	-0.5	
0.13	1.45794	0.5	-0.5	
0.131	1.46651	0.5	-0.5	
0.132	1.47503	0.5	-0.5	
0.133	1.48348	0.5	-0.5	
0.134	1.49188	0.5	-0.5	
0.135	1.50022	0.5	-0.5	
0.136	1.5085	0.5	-0.5	
0.137	1.51672	0.5	-0.5	
0.138	1.52489	0.5	-0.5	
0.139	1.53299	0.5	-0.5	
0.14	1.54103	0.5	-0.5	
0.141	1.54901	0.5	-0.5	
0.142	1.55692	0.5	-0.5	
0.143	1.56478	0.5	-0.5	
0.144	1.57258	0.5	-0.5	
0.145	1.58031	0.5	-0.5	
0.146	1.58798	0.5	-0.5	
0.147	1.59559	0.5	-0.5	
0.148	1.60313	0.5	-0.5	
0.149	1.61062	0.5	-0.5	
0.15	1.61803	0.5	-0.5	
0.151	1.62539	0.5	-0.5	
0.152	1.63268	0.5	-0.5	
0.153	1.6399	0.5	-0.5	
0.154	1.64707	0.5	-0.5	
0.155	1.65416	0.5	-0.5	
0.156	1.66119	0.5	-0.5	
0.157	1.66816	0.5	-0.5	
0.158	1.67506	0.5	-0.5	
0.159	1.68189	0.5	-0.5	
0.16	1.68866	0.5	-0.5	
0.161	1.69536	0.5	-0.5	
0.162	1.70199	0.5	-0.5	
0.163	1.70855	0.5	-0.5	
0.164	1.71505	0.5	-0.5	
0.165	1.72148	0.5	-0.5	
0.166	1.72785	0.5	-0.5	
0.167	1.73414	0.5	-0.5	
0.168	1.74037	0.5	-0.5	
0.169	1.74652	0.5	-0.5	
0.17	1.75261	0.5	-0.5	
0.171	1.75863	0.5	-0.5	
0.172	1.76458	0.5	-0.5	
0.173	1.77046	0.5	-0.5	
0.174	1.77627	0.5	-0.5	
0.175	1.78201	0.5	-0.5	
0.176	1.78768	0.5	-0.5	
0.177	1.79328	0.5	-0.5	
0.178	1.79881	0.5	-0.5	
0.179	1.80427	0.5	-0.5	
0.18	1.80965	0.5	-0.5	
0.181	1.81497	0.5	-0.5	
0.182	1.82021	0.5	-0.5	
0.183	1.82538	0.5	-0.5	
0.184	1.83048	0.5	-0.5	
0.185	1.83551	0.5	-0.5	
0.186	1.84046	0.5	-0.5	
0.187	1.84535	0.5	-0.5	
0.188	1.85015	0.5	-0.5	
0.189	1.85489	0.5	-0.5	
0.19	1.85955	0.5	-0.5	
0.191	1.86414	0.5	-0.5	
0.192	1.86866	0.5	-0.5	
0.193	1.8731	0.5	-0.5	
0.194	1.87747	0.5	-0.5	
0.195	1.88176	0.5	-0.5	
0.196	1.88598	0.5	-0.5	
0.197	1.89013	0.5	-0.5	
0.198	1.8942	0.5	-0.5	
0.199	1.89819	0.5	-0.5	
0.2	1.90211	0.5	-0.5	
0.201	1.90596	0.5	-0.5	
0.202	1.90973	0.5	-0.5	
0.203	1.91342	0.5	-0.5	
0.204	1.91704	0.5	-0.5	
0.205	1.92059	0.5	-0.5	
0.206	1.92406	0.5	-0.5	
0.207	1.92745	0.5	-0.5	
0.208	1.93076	0.5	-0.5	
0.209	1.934	0.5	-0.5	
0.21	1.93717	0.5	-0.5	
0.211	1.94025	0.5	-0.5	
0.212	1.94326	0.5	-0.5	
0.213	1.9462	0.5	-0.5	
0.214	1.94905	0.5	-0.5	
0.215	1.95183	0.5	-0.5	
0.216	1.95454	0.5	-0.5	
0.217	1.95716	0.5	-0.5	
0.218	1.95971	0.5	-0.5	
0.219	1.96218	0.5	-0.5	
0.22	1.96457	0.5	-0.5	
0.221	1.96689	0.5	-0.5	
0.222	1.96913	0.5	-0.5	
0.223	1.97129	0.5	-0.5	
0.224	1.97337	0.5	-0.5	
0.225	1.97538	0.5	-0.5	
0.226	1.9773	0.5	-0.5	
0.227	1.97915	0.5	-0.5	
0.228	1.98092	0.5	-0.5	
0.229	1.98262	0.5	-0.5	
0.23	1.98423	0.5	-0.5	
0.231	1.98577	0.5	-0.5	
0.232	1.98722	0.5	-0.5	
0.233	1.9886	0.5	-0.5	
0.234	1.9899	0.5	-0.5	
0.235	1.99112	0.5	-0.5	
0.236	1.99227	0.5	-0.5	
0.237	1.99333	0.5	-0.5	
0.238	1.99432	0.5	-0.5	
0.239	1.99523	0.5	-0.5	
0.24	1.99605	0.5	-0.5	
0.241	1.9968	0.5	-0.5	
0.242	1.99747	0.5	-0.5	
0.243	1.99807	0.5	-0.5	
0.244	1.99858	0.5	-0.5	
0.245	1.99901	0.5	-0.5	
0.246	1.99937	0.5	-0.5	
0.247	1.99964	0.5	-0.5	
0.248	1.99984	0.5	-0.5	
0.249	1.99996	0.5	-0.5	
0.25	2	0.5	-0.5	
0.251	1.99996	0.5	-0.5	
0.252	1.99984	0.5	-0.5	
0.253	1.99964	0.5	-0.5	
0.254	1.99937	0.5	-0.5	
0.255	1.99901	0.5	-0.5	
0.256	1.99858	0.5	-0.5	
0.257	1.99807	0.5	-0.5	
0.258	1.99747	0.5	-0.5	
0.259	1.9968	0.5	-0.5	
0.26	1.99605	0.5	-0.5	
0.261	1.99523	0.5	-0.5	
0.262	1.99432	0.5	-0.5	
0.263	1.99333	0.5	-0.5	
0.264	1.99227	0.5	-0.5	
0.265	1.99112	0.5	-0.5	
0.266	1.9899	0.5	-0.5	
0.267	1.9886	0.5	-0.5	
0.268	1.98722	0.5	-0.5	
0.269	1.98577	0.5	-0.5	
0.27	1.98423	0.5	-0.5	
0.271	1.98262	0.5	-0.5	
0.272	1.98092	0.5	-0.5	
0.273	1.97915	0.5	-0.5	
0.274	1.9773	0.5	-0.5	
0.275	1.97538	0.5	-0.5	
0.276	1.97337	0.5	-0.5	
0.277	1.97129	0.5	-0.5	
0.278	1.96913	0.5	-0.5	
0.279	1.96689	0.5	-0.5	
0.28	1.96457	0.5	-0.5	
0.281	1.96218	0.5	-0.5	
0.282	1.95971	0.5	-0.5	
0.283	1.95716	0.5	-0.5	
0.284	1.95454	0.5	-0.5	
0.285	1.95183	0.5	-0.5	
0.286	1.94905	0.5	-0.5	
0.287	1.9462	0.5	-0.5	
0.288	1.94326	0.5	-0.5	
0.289	1.94025	0.5	-0.5	
0.29	1.93717	0.5	-0.5	
0.291	1.934	0.5	-0.5	
0.292	1.93076	0.5	-0.5	
0.293	1.92745	0.5	-0.5	
0.294	1.92406	0.5	-0.5	
0.295	1.92059	0.5	-0.5	
0.296	1.91704	0.5	-0.5	
0.297	1.91342	0.5	-0.5	
0.298	1.90973	0.5	-0.5	
0.299	1.90596	0.5	-0.5	
0.3	1.90211	0.5	-0.5	
0.301	1.89819	0.5	-0.5	
0.302	1.8942	0.5	-0.5	
0.303	1.89013	0.5	-0.5	
0.304	1.88598	0.5	-0.5	
0.305	1.88176	0.5	-0.5	
0.306	1.87747	0.5	-0.5	
0.307	1.8731	0.5	-0.5	
0.308	1.86866	0.5	-0.5	
0.309	1.86414	0.5	-0.5	
0.31	1.85955	0.5	-0.5	
0.311	1.85489	0.5	-0.5	
0.312	1.85015	0.5	-0.5	
0.313	1.84535	0.5	-0.5	
0.314	1.84046	0.5	-0.5	
0.315	1.83551	0.5	-0.5	
0.316	1.83048	0.5	-0.5	
0.317	1.82538	0.5	-0.5	
0.318	1.82021	0.5	-0.5	
0.319	1.81497	0.5	-0.5	
0.32	1.80965	0.5	-0.5	
0.321	1.80427	0.5	-0.5	
0.322	1.79881	0.5	-0.5	
0.323	1.79328	0.5	-0.5	
0.324	1.78768	0.5	-0.5	
0.325	1.78201	0.5	-0.5	
0.326	1.77627	0.5	-0.5	
0.327	1.77046	0.5	-0.5	
0.328	1.76458	0.5	-0.5	
0.329	1.75863	0.5	-0.5	
0.33	1.75261	0.5	-0.5	
0.331	1.74652	0.5	-0.5	
0.332	1.74037	0.5	-0.5	
0.333	1.73414	0.5	-0.5	
0.334	1.72785	0.5	-0.5	
0.335	1.72148	0.5	-0.5	
0.336	1.71505	0.5	-0.5	
0.337	1.70855	0.5	-0.5	
0.338	1.70199	0.5	-0.5	
0.339	1.69536	0.5	-0.5	
0.34	1.68866	0.5	-0.5	
0.341	1.68189	0.5	-0.5	
0.342	1.67506	0.5	-0.5	
0.343	1.66816	0.5	-0.5	
0.344	1.66119	0.5	-0.5	
0.345	1.65416	0.5	-0.5	
0.346	1.64707	0.5	-0.5	
0.347	1.6399	0.5	-0.5	
0.348	1.63268	0.5	-0.5	
0.349	1.62539	0.5	-0.5	
0.35	1.61803	0.5	-0.5	
0.351	1.61062	0.5	-0.5	
0.352	1.60313	0.5	-0.5	
0.353	1.59559	0.5	-0.5	
0.354	1.58798	0.5	-0.5	
0.355	1.58031	0.5	-0.5	
0.356	1.57258	0.5	-0.5	
0.357	1.56478	0.5	-0.5	
0.358	1.55692	0.5	-0.5	
0.359	1.54901	0.5	-0.5	
0.36	1.54103	0.5	-0.5	
0.361	1.53299	0.5	-0.5	
0.362	1.52489	0.5	-0.5	
0.363	1.51672	0.5	-0.5	
0.364	1.5085	0.5	-0.5	
0.365	1.50022	0.5	-0.5	
0.366	1.49188	0.5	-0.5	
0.367	1.48348	0.5	-0.5	
0.368	1.47503	0.5	-0.5	
0.369	1.46651	0.5	-0.5	
0.37	1.45794	0.5	-0.5	
0.371	1.44931	0.5	-0.5	
0.372	1.44062	0.5	-0.5	
0.373	1.43187	0.5	-0.5	
0.374	1.42307	0.5	-0.5	
0.375	1.41421	0.5	-0.5	
0.376	1.4053	0.5	-0.5	
0.377	1.39633	0.5	-0.5	
0.378	1.38731	0.5	-0.5	
0.379	1.37823	0.5	-0.5	
0.38	1.36909	0.5	-0.5	
0.381	1.35991	0.5	-0.5	
0.382	1.35067	0.5	-0.5	
0.383	1.34137	0.5	-0.5	
0.384	1.33202	0.5	-0.5	
0.385	1.32262	0.5	-0.5	
0.386	1.31317	0.5	-0.5	
0.387	1.30367	0.5	-0.5	
0.388	1.29411	0.5	-0.5	
0.389	1.28451	0.5	-0.5	
0.39	1.27485	0.5	-0.5	
0.391	1.26514	0.5	-0.5	
0.392	1.25538	0.5	-0.5	
0.393	1.24558	0.5	-0.5	
0.394	1.23572	0.5	-0.5	
0.395	1.22581	0.5	-0.5	
0.396	1.21586	0.5	-0.5	
0.397	1.20586	0.5	-0.5	
0.398	1.19581	0.5	-0.5	
0.399	1.18571	0.5	-0.5	
0.4	1.17557	0.5	-0.5	
0.401	1.16538	0.5	-0.5	
0.402	1.15515	0.5	-0.5	
0.403	1.14486	0.5	-0.5	
0.404	1.13454	0.5	-0.5	
0.405	1.12417	0.5	-0.5	
0.406	1.11375	0.5	-0.5	
0.407	1.10329	0.5	-0.5	
0.408	1.09279	0.5	-0.5	
0.409	1.08224	0.5	-0.5	
0.41	1.07165	0.5	-0.5	
0.411	1.06102	0.5	-0.5	
0.412	1.05035	0.5	-0.5	
0.413	1.03963	0.5	-0.5	
0.414	1.02888	0.5	-0.5	
0.415	1.01808	0.5	-0.5	
0.416	1.00725	0.5	-0.5	
0.417	0.99637	0.5	-0.5	
0.418	0.985455	0.492727	-0.492727	
0.419	0.9745	0.48725	-0.48725	
0.42	0.963507	0.481754	-0.481754	
0.421	0.952476	0.476238	-0.476238	
0.422	0.941408	0.470704	-0.470704	
0.423	0.930302	0.465151	-0.465151	
0.424	0.91916	0.45958	-0.45958	
0.425	0.907981	0.45399	-0.45399	
0.426	0.896766	0.448383	-0.448383	
0.427	0.885516	0.442758	-0.442758	
0.428	0.874232	0.437116	-0.437116	
0.429	0.862912	0.431456	-0.431456	
0.43	0.851559	0.425779	-0.425779	
0.431	0.840171	0.420086	-0.420086	
0.432	0.828751	0.414376	-0.414376	
0.433	0.817298	0.408649	-0.408649	
0.434	0.805813	0.402906	-0.402906	
0.435	0.794296	0.397148	-0.397148	
0.436	0.782747	0.391374	-0.391374	
0.437	0.771168	0.385584	-0.385584	
0.438	0.759558	0.379779	-0.379779	
0.439	0.747918	0.373959	-0.373959	
0.44	0.736249	0.368125	-0.368125	
0.441	0.724551	0.362275	-0.362275	
0.442	0.712824	0.356412	-0.356412	
0.443	0.701069	0.350534	-0.350534	
0.444	0.689286	0.344643	-0.344643	
0.445	0.677476	0.338738	-0.338738	
0.446	0.665639	0.33282	-0.33282	
0.447	0.653776	0.326888	-0.326888	
0.448	0.641887	0.320944	-0.320944	
0.449	0.629973	0.314987	-0.314987	
0.45	0.618034	0.309017	-0.309017	
0.451	0.606071	0.303035	-0.303035	
0.452	0.594083	0.297042	-0.297042	
0.453	0.582072	0.291036	-0.291036	
0.454	0.570039	0.285019	-0.285019	
0.455	0.557982	0.278991	-0.278991	
0.456	0.545904	0.272952	-0.272952	
0.457	0.533804	0.266902	-0.266902	
0.458	0.521683	0.260842	-0.260842	
0.459	0.509541	0.254771	-0.254771	
0.46	0.49738	0.24869	-0.24869	
0.461	0.485198	0.242599	-0.242599	
0.462	0.472998	0.236499	-0.236499	
0.463	0.460779	0.230389	-0.230389	
0.464	0.448542	0.224271	-0.224271	
0.465	0.436286	0.218143	-0.218143	
0.466	0.424014	0.212007	-0.212007	
0.467	0.411725	0.205863	-0.205863	
0.468	0.39942	0.19971	-0.19971	
0.469	0.387099	0.193549	-0.193549	
0.47	0.374763	0.187381	-0.187381	
0.471	0.362412	0.181206	-0.181206	
0.472	0.350046	0.175023	-0.175023	
0.473	0.337667	0.168833	-0.168833	
0.474	0.325274	0.162637	-0.162637	
0.475	0.312869	0.156434	-0.156434	
0.476	0.300451	0.150226	-0.150226	
0.477	0.288022	0.144011	-0.144011	
0.478	0.275581	0.13779	-0.13779	
0.479	0.263129	0.131564	-0.131564	
0.48	0.250666	0.125333	-0.125333	
0.481	0.238194	0.119097	-0.119097	
0.482	0.225713	0.112856	-0.112856	
0.483	0.213222	0.106611	-0.106611	
0.484	0.200723	0.100362	-0.100362	
0.485	0.188217	0.0941083	-0.0941083	
0.486	0.175702	0.0878512	-0.0878512	
0.487	0.163181	0.0815906	-0.0815906	
0.488	0.150654	0.0753268	-0.0753268	
0.489	0.13812	0.06906	-0.06906	
0.49	0.125581	0.0627905	-0.0627905	
0.491	0.113037	0.0565185	-0.0565185	
0.492	0.100489	0.0502443	-0.0502443	
0.493	0.0879362	0.0439681	-0.0439681	
0.494	0.0753804	0.0376902	-0.0376902	
0.495	0.0628215	0.0314108	-0.0314108	
0.496	0.0502602	0.0251301	-0.0251301	
0.497	0.0376969	0.0188484	-0.0188484	
0.498	0.0251321	0.012566	-0.012566	
0.499	0.0125663	0.00628314	-0.00628314	
0.5	-4.19596e-15	-2.09798e-15	2.09798e-15	
0.501	-0.0125663	1.25675e-06	-1.25675e-06	
0.502	-0.0251321	2.51346e-06	-2.51346e-06	
0.503	-0.0376969	3.77006e-06	-3.77006e-06	
0.504	-0.0502602	5.02652e-06	-5.02652e-06	
0.505	-0.0628215	6.28278e-06	-6.28278e-06	
0.506	-0.0753804	7.53879e-06	-7.53879e-06	
0.507	-0.0879362	8.7945e-06	-8.7945e-06	
0.508	-0.100489	1.00499e-05	-1.00499e-05	
0.509	-0.113037	1.13048e-05	-1.13048e-05	
0.51	-0.125581	1.25594e-05	-1.25594e-05	
0.511	-0.13812	1.38134e-05	-1.38134e-05	
0.512	-0.150654	1.50669e-05	-1.50669e-05	
0.513	-0.163181	1.63198e-05	-1.63198e-05	
0.514	-0.175702	1.7572e-05	-1.7572e-05	
0.515	-0.188217	1.88235e-05	-1.88235e-05	
0.516	-0.200723	2.00744e-05	-2.00744e-05	
0.517	-0.213222	2.13244e-05	-2.13244e-05	
0.518	-0.225713	2.25735e-05	-2.25735e-05	
0.519	-0.238194	2.38218e-05	-2.38218e-05	
0.52	-0.250666	2.50692e-05	-2.50692e-05	
0.521	-0.263129	2.63155e-05	-2.63155e-05	
0.522	-0.275581	2.75608e-05	-2.75608e-05	
0.523	-0.288022	2.8805e-05	-2.8805e-05	
0.524	-0.300451	3.00481e-05	-3.00481e-05	
0.525	-0.312869	3.129e-05	-3.129e-05	
0.526	-0.325274	3.25307e-05	-3.25307e-05	
0.527	-0.337667	3.37701e-05	-3.37701e-05	
0.528	-0.350046	3.50081e-05	-3.50081e-05	
0.529	-0.362412	3.62448e-05	-3.62448e-05	
0.53	-0.374763	3.748e-05	-3.748e-05	
0.531	-0.387099	3.87138e-05	-3.87138e-05	
0.532	-0.39942	3.9946e-05	-3.9946e-05	
0.533	-0.411725	4.11766e-05	-4.11766e-05	
0.534	-0.424014	4.24057e-05	-4.24057e-05	
0.535	-0.436286	4.3633e-05	-4.3633e-05	
0.536	-0.448542	4.48586e-05	-4.48586e-05	
0.537	-0.460779	4.60825e-05	-4.60825e-05	
0.538	-0.472998	4.73045e-05	-4.73045e-05	
0.539	-0.485198	4.85247e-05	-4.85247e-05	
0.54	-0.49738	4.9743e-05	-4.9743e-05	
0.541	-0.509541	5.09592e-05	-5.09592e-05	
0.542	-0.521683	5.21735e-05	-5.21735e-05	
0.543	-0.533804	5.33857e-05	-5.33857e-05	
0.544	-0.545904	5.45958e-05	-5.45958e-05	
0.545	-0.557982	5.58038e-05	-5.58038e-05	
0.546	-0.570039	5.70096e-05	-5.70096e-05	
0.547	-0.582072	5.82131e-05	-5.82131e-05	
0.548	-0.594083	5.94143e-05	-5.94143e-05	
0.549	-0.606071	6.06131e-05	-6.06131e-05	
0.55	-0.618034	6.18096e-05	-6.18096e-05	
0.551	-0.629973	6.30036e-05	-6.30036e-05	
0.552	-0.641887	6.41951e-05	-6.41951e-05	
0.553	-0.653776	6.53841e-05	-6.53841e-05	
0.554	-0.665639	6.65706e-05	-6.65706e-05	
0.555	-0.677476	6.77544e-05	-6.77544e-05	
0.556	-0.689286	6.89355e-05	-6.89355e-05	
0.557	-0.701069	7.01139e-05	-7.01139e-05	
0.558	-0.712824	7.12895e-05	-7.12895e-05	
0.559	-0.724551	7.24623e-05	-7.24623e-05	
0.56	-0.736249	7.36323e-05	-7.36323e-05	
0.561	-0.747918	7.47993e-05	-7.47993e-05	
0.562	-0.759558	7.59634e-05	-7.59634e-05	
0.563	-0.771168	7.71245e-05	-7.71245e-05	
0.564	-0.782747	7.82826e-05	-7.82826e-05	
0.565	-0.794296	7.94375e-05	-7.94375e-05	
0.566	-0.805813	8.05893e-05	-8.05893e-05	
0.567	-0.817298	8.1738e-05	-8.1738e-05	
0.568	-0.828751	8.28834e-05	-8.28834e-05	
0.569	-0.840171	8.40255e-05	-8.40255e-05	
0.57	-0.851559	8.51644e-05	-8.51644e-05	
0.571	-0.862912	8.62998e-05	-8.62998e-05	
0.572	-0.874232	8.74319e-05	-8.74319e-05	
0.573	-0.885516	8.85605e-05	-8.85605e-05	
0.574	-0.896766	8.96856e-05	-8.96856e-05	
0.575	-0.907981	9.08072e-05	-9.08072e-05	
0.576	-0.91916	9.19252e-05	-9.19252e-05	
0.577	-0.930302	9.30395e-05	-9.30395e-05	
0.578	-0.941408	9.41502e-05	-9.41502e-05	
0.579	-0.952476	9.52572e-05	-9.52572e-05	
0.58	-0.963507	9.63604e-05	-9.63604e-05	
0.581	-0.9745	9.74598e-05	-9.74598e-05	
0.582	-0.985455	9.85553e-05	-9.85553e-05	
0.583	-0.99637	9.9647e-05	-9.9647e-05	
0.584	-1.00725	0.000100735	-0.000100735	
0.585	-1.01808	0.000101818	-0.000101818	
0.586	-1.02888	0.000102898	-0.000102898	
0.587	-1.03963	0.000103974	-0.000103974	
0.588	-1.05035	0.000105045	-0.000105045	
0.589	-1.06102	0.000106113	-0.000106113	
0.59	-1.07165	0.000107176	-0.000107176	
0.591	-1.08224	0.000108235	-0.000108235	
0.592	-1.09279	0.00010929	-0.00010929	
0.593	-1.10329	0.00011034	-0.00011034	
0.594	-1.11375	0.000111386	-0.000111386	
0.595	-1.12417	0.000112428	-0.000112428	
0.596	-1.13454	0.000113465	-0.000113465	
0.597	-1.14486	0.000114498	-0.000114498	
0.598	-1.15515	0.000115526	-0.000115526	
0.599	-1.16538	0.00011655	-0.00011655	
0.6	-1.17557	0.000117569	-0.000117569	
0.601	-1.18571	0.000118583	-0.000118583	
0.602	-1.19581	0.000119593	-0.000119593	
0.603	-1.20586	0.000120598	-0.000120598	
0.604	-1.21586	0.000121598	-0.000121598	
0.605	-1.22581	0.000122594	-0.000122594	
0.606	-1.23572	0.000123584	-0.000123584	
0.607	-1.24558	0.00012457	-0.00012457	
0.608	-1.25538	0.000125551	-0.000125551	
0.609	-1.26514	0.000126527	-0.000126527	
0.61	-1.27485	0.000127498	-0.000127498	
0.611	-1.28451	0.000128463	-0.000128463	
0.612	-1.29411	0.000129424	-0.000129424	
0.613	-1.30367	0.00013038	-0.00013038	
0.614	-1.31317	0.00013133	-0.00013133	
0.615	-1.32262	0.000132276	-0.000132276	
0.616	-1.33202	0.000133216	-0.000133216	
0.617	-1.34137	0.000134151	-0.000134151	
0.618	-1.35067	0.00013508	-0.00013508	
0.619	-1.35991	0.000136004	-0.000136004	
0.62	-1.36909	0.000136923	-0.000136923	
0.621	-1.37823	0.000137837	-0.000137837	
0.622	-1.38731	0.000138745	-0.000138745	
0.623	-1.39633	0.000139647	-0.000139647	
0.624	-1.4053	0.000140544	-0.000140544	
0.625	-1.41421	0.000141435	-0.000141435	
0.626	-1.42307	0.000142321	-0.000142321	
0.627	-1.43187	0.000143202	-0.000143202	
0.628	-1.44062	0.000144076	-0.000144076	
0.629	-1.44931	0.000144945	-0.000144945	
0.63	-1.45794	0.000145808	-0.000145808	
0.631	-1.46651	0.000146666	-0.000146666	
0.632	-1.47503	0.000147517	-0.000147517	
0.633	-1.48348	0.000148363	-0.000148363	
0.634	-1.49188	0.000149203	-0.000149203	
0.635	-1.50022	0.000150037	-0.000150037	
0.636	-1.5085	0.000150865	-0.000150865	
0.637	-1.51672	0.000151688	-0.000151688	
0.638	-1.52489	0.000152504	-0.000152504	
0.639	-1.53299	0.000153314	-0.000153314	
0.64	-1.54103	0.000154118	-0.000154118	
0.641	-1.54901	0.000154916	-0.000154916	
0.642	-1.55692	0.000155708	-0.000155708	
0.643	-1.56478	0.000156494	-0.000156494	
0.644	-1.57258	0.000157273	-0.000157273	
0.645	-1.58031	0.000158047	-0.000158047	
0.646	-1.58798	0.000158814	-0.000158814	
0.647	-1.59559	0.000159575	-0.000159575	
0.648	-1.60313	0.000160329	-0.000160329	
0.649	-1.61062	0.000161078	-0.000161078	
0.65	-1.61803	0.00016182	-0.00016182	
0.651	-1.62539	0.000162555	-0.000162555	
0.652	-1.63268	0.000163284	-0.000163284	
0.653	-1.6399	0.000164007	-0.000164007	
0.654	-1.64707	0.000164723	-0.000164723	
0.655	-1.65416	0.000165433	-0.000165433	
0.656	-1.66119	0.000166136	-0.000166136	
0.657	-1.66816	0.000166832	-0.000166832	
0.658	-1.67506	0.000167522	-0.000167522	
0.659	-1.68189	0.000168206	-0.000168206	
0.66	-1.68866	0.000168882	-0.000168882	
0.661	-1.69536	0.000169553	-0.000169553	
0.662	-1.70199	0.000170216	-0.000170216	
0.663	-1.70855	0.000170873	-0.000170873	
0.664	-1.71505	0.000171522	-0.000171522	
0.665	-1.72148	0.000172166	-0.000172166	
0.666	-1.72785	0.000172802	-0.000172802	
0.667	-1.73414	0.000173431	-0.000173431	
0.668	-1.74037	0.000174054	-0.000174054	
0.669	-1.74652	0.00017467	-0.00017467	
0.67	-1.75261	0.000175279	-0.000175279	
0.671	-1.75863	0.000175881	-0.000175881	
0.672	-1.76458	0.000176476	-0.000176476	
0.673	-1.77046	0.000177064	-0.000177064	
0.674	-1.77627	0.000177645	-0.000177645	
0.675	-1.78201	0.000178219	-0.000178219	
0.676	-1.78768	0.000178786	-0.000178786	
0.677	-1.79328	0.000179346	-0.000179346	
0.678	-1.79881	0.000179899	-0.000179899	
0.679	-1.80427	0.000180445	-0.000180445	
0.68	-1.80965	0.000180984	-0.000180984	
0.681	-1.81497	0.000181515	-0.000181515	
0.682	-1.82021	0.000182039	-0.000182039	
0.683	-1.82538	0.000182557	-0.000182557	
0.684	-1.83048	0.000183067	-0.000183067	
0.685	-1.83551	0.000183569	-0.000183569	
0.686	-1.84046	0.000184065	-0.000184065	
0.687	-1.84535	0.000184553	-0.000184553	
0.688	-1.85015	0.000185034	-0.000185034	
0.689	-1.85489	0.000185508	-0.000185508	
0.69	-1.85955	0.000185974	-0.000185974	
0.691	-1.86414	0.000186433	-0.000186433	
0.692	-1.86866	0.000186884	-0.000186884	
0.693	-1.8731	0.000187329	-0.000187329	
0.694	-1.87747	0.000187766	-0.000187766	
0.695	-1.88176	0.000188195	-0.000188195	
0.696	-1.88598	0.000188617	-0.000188617	
0.697	-1.89013	0.000189032	-0.000189032	
0.698	-1.8942	0.000189439	-0.000189439	
0.699	-1.89819	0.000189838	-0.000189838	
0.7	-1.90211	0.00019023	-0.00019023	
0.701	-1.90596	0.000190615	-0.000190615	
0.702	-1.90973	0.000190992	-0.000190992	
0.703	-1.91342	0.000191362	-0.000191362	
0.704	-1.91704	0.000191724	-0.000191724	
0.705	-1.92059	0.000192078	-0.000192078	
0.706	-1.92406	0.000192425	-0.000192425	
0.707	-1.92745	0.000192764	-0.000192764	
0.708	-1.93076	0.000193096	-0.000193096	
0.709	-1.934	0.00019342	-0.00019342	
0.71	-1.93717	0.000193736	-0.000193736	
0.711	-1.94025	0.000194045	-0.000194045	
0.712	-1.94326	0.000194346	-0.000194346	
0.713	-1.9462	0.000194639	-0.000194639	
0.714	-1.94905	0.000194925	-0.000194925	
0.715	-1.95183	0.000195203	-0.000195203	
0.716	-1.95454	0.000195473	-0.000195473	
0.717	-1.95716	0.000195736	-0.000195736	
0.718	-1.95971	0.000195991	-0.000195991	
0.719	-1.96218	0.000196238	-0.000196238	
0.72	-1.96457	0.000196477	-0.000196477	
0.721	-1.96689	0.000196709	-0.000196709	
0.722	-1.96913	0.000196933	-0.000196933	
0.723	-1.97129	0.000197149	-0.000197149	
0.724	-1.97337	0.000197357	-0.000197357	
0.725	-1.97538	0.000197557	-0.000197557	
0.726	-1.9773	0.00019775	-0.00019775	
0.727	-1.97915	0.000197935	-0.000197935	
0.728	-1.98092	0.000198112	-0.000198112	
0.729	-1.98262	0.000198281	-0.000198281	
0.73	-1.98423	0.000198443	-0.000198443	
0.731	-1.98577	0.000198596	-0.000198596	
0.732	-1.98722	0.000198742	-0.000198742	
0.733	-1.9886	0.00019888	-0.00019888	
0.734	-1.9899	0.00019901	-0.00019901	
0.735	-1.99112	0.000199132	-0.000199132	
0.736	-1.99227	0.000199247	-0.000199247	
0.737	-1.99333	0.000199353	-0.000199353	
0.738	-1.99432	0.000199452	-0.000199452	
0.739	-1.99523	0.000199542	-0.000199542	
0.74	-1.99605	0.000199625	-0.000199625	
0.741	-1.9968	0.0001997	-0.0001997	
0.742	-1.99747	0.000199767	-0.000199767	
0.743	-1.99807	0.000199827	-0.000199827	
0.744	-1.99858	0.000199878	-0.000199878	
0.745	-1.99901	0.000199921	-0.000199921	
0.746	-1.99937	0.000199957	-0.000199957	
0.747	-1.99964	0.000199984	-0.000199984	
0.748	-1.99984	0.000200004	-0.000200004	
0.749	-1.99996	0.000200016	-0.000200016	
0.75	-2	0.00020002	-0.00020002	
0.751	-1.99996	0.000200016	-0.000200016	
0.752	-1.99984	0.000200004	-0.000200004	
0.753	-1.99964	0.000199984	-0.000199984	
0.754	-1.99937	0.000199957	-0.000199957	
0.755	-1.99901	0.000199921	-0.000199921	
0.756	-1.99858	0.000199878	-0.000199878	
0.757	-1.99807	0.000199827	-0.000199827	
0.758	-1.99747	0.000199767	-0.000199767	
0.759	-1.9968	0.0001997	-0.0001997	
0.76	-1.99605	0.000199625	-0.000199625	
0.761	-1.99523	0.000199542	-0.000199542	
0.762	-1.99432	0.000199452	-0.000199452	
0.763	-1.99333	0.000199353	-0.000199353	
0.764	-1.99227	0.000199247	-0.000199247	
0.765	-1.99112	0.000199132	-0.000199132	
0.766	-1.9899	0.00019901	-0.00019901	
0.767	-1.9886	0.00019888	-0.00019888	
0.768	-1.98722	0.000198742	-0.000198742	
0.769	-1.98577	0.000198596	-0.000198596	
0.77	-1.98423	0.000198443	-0.000198443	
0.771	-1.98262	0.000198281	-0.000198281	
0.772	-1.98092	0.000198112	-0.000198112	
0.773	-1.97915	0.000197935	-0.000197935	
0.774	-1.9773	0.00019775	-0.00019775	
0.775	-1.97538	0.000197557	-0.000197557	
0.776	-1.97337	0.000197357	-0.000197357	
0.777	-1.97129	0.000197149	-0.000197149	
0.778	-1.96913	0.000196933	-0.000196933	
0.779	-1.96689	0.000196709	-0.000196709	
0.78	-1.96457	0.000196477	-0.000196477	
0.781	-1.96218	0.000196238	-0.000196238	
0.782	-1.95971	0.000195991	-0.000195991	
0.783	-1.95716	0.000195736	-0.000195736	
0.784	-1.95454	0.000195473	-0.000195473	
0.785	-1.95183	0.000195203	-0.000195203	
0.786	-1.94905	0.000194925	-0.000194925	
0.787	-1.9462	0.000194639	-0.000194639	
0.788	-1.94326	0.000194346	-0.000194346	
0.789	-1.94025	0.000194045	-0.000194045	
0.79	-1.93717	0.000193736	-0.000193736	
0.791	-1.934	0.00019342	-0.00019342	
0.792	-1.93076	0.000193096	-0.000193096	
0.793	-1.92745	0.000192764	-0.000192764	
0.794	-1.92406	0.000192425	-0.000192425	
0.795	-1.92059	0.000192078	-0.000192078	
0.796	-1.91704	0.000191724	-0.000191724	
0.797	-1.91342	0.000191362	-0.000191362	
0.798	-1.90973	0.000190992	-0.000190992	
0.799	-1.90596	0.000190615	-0.000190615	
0.8	-1.90211	0.00019023	-0.00019023	
0.801	-1.89819	0.000189838	-0.000189838	
0.802	-1.8942	0.000189439	-0.000189439	
0.803	-1.89013	0.000189032	-0.000189032	
0.804	-1.88598	0.000188617	-0.000188617	
0.805	-1.88176	0.000188195	-0.000188195	
0.806	-1.87747	0.000187766	-0.000187766	
0.807	-1.8731	0.000187329	-0.000187329	
0.808	-1.86866	0.000186884	-0.000186884	
0.809	-1.86414	0.000186433	-0.000186433	
0.81	-1.85955	0.000185974	-0.000185974	
0.811	-1.85489	0.000185508	-0.000185508	
0.812	-1.85015	0.000185034	-0.000185034	
0.813	-1.84535	0.000184553	-0.000184553	
0.814	-1.84046	0.000184065	-0.000184065	
0.815	-1.83551	0.000183569	-0.000183569	
0.816	-1.83048	0.000183067	-0.000183067	
0.817	-1.82538	0.000182557	-0.000182557	
0.818	-1.82021	0.000182039	-0.000182039	
0.819	-1.81497	0.000181515	-0.000181515	
0.82	-1.80965	0.000180984	-0.000180984	
0.821	-1.80427	0.000180445	-0.000180445	
0.822	-1.79881	0.000179899	-0.000179899	
0.823	-1.79328	0.000179346	-0.000179346	
0.824	-1.78768	0.000178786	-0.000178786	
0.825	-1.78201	0.000178219	-0.000178219	
0.826	-1.77627	0.000177645	-0.000177645	
0.827	-1.77046	0.000177064	-0.000177064	
0.828	-1.76458	0.000176476	-0.000176476	
0.829	-1.75863	0.000175881	-0.000175881	
0.83	-1.75261	0.000175279	-0.000175279	
0.831	-1.74652	0.00017467	-0.00017467	
0.832	-1.74037	0.000174054	-0.000174054	
0.833	-1.73414	0.000173431	-0.000173431	
0.834	-1.72785	0.000172802	-0.000172802	
0.835	-1.72148	0.000172166	-0.000172166	
0.836	-1.71505	0.000171522	-0.000171522	
0.837	-1.70855	0.000170873	-0.000170873	
0.838	-1.70199	0.000170216	-0.000170216	
0.839	-1.69536	0.000169553	-0.000169553	
0.84	-1.68866	0.000168882	-0.000168882	
0.841	-1.68189	0.000168206	-0.000168206	
0.842	-1.67506	0.000167522	-0.000167522	
0.843	-1.66816	0.000166832	-0.000166832	
0.844	-1.66119	0.000166136	-0.000166136	
0.845	-1.65416	0.000165433	-0.000165433	
0.846	-1.64707	0.000164723	-0.000164723	
0.847	-1.6399	0.000164007	-0.000164007	
0.848	-1.63268	0.000163284	-0.000163284	
0.849	-1.62539	0.000162555	-0.000162555	
0.85	-1.61803	0.00016182	-0.00016182	
0.851	-1.61062	0.000161078	-0.000161078	
0.852	-1.60313	0.000160329	-0.000160329	
0.853	-1.59559	0.000159575	-0.000159575	
0.854	-1.58798	0.000158814	-0.000158814	
0.855	-1.58031	0.000158047	-0.000158047	
0.856	-1.57258	0.000157273	-0.000157273	
0.857	-1.56478	0.000156494	-0.000156494	
0.858	-1.55692	0.000155708	-0.000155708	
0.859	-1.54901	0.000154916	-0.000154916	
0.86	-1.54103	0.000154118	-0.000154118	
0.861	-1.53299	0.000153314	-0.000153314	
0.862	-1.52489	0.000152504	-0.000152504	
0.863	-1.51672	0.000151688	-0.000151688	
0.864	-1.5085	0.000150865	-0.000150865	
0.865	-1.50022	0.000150037	-0.000150037	
0.866	-1.49188	0.000149203	-0.000149203	
0.867	-1.48348	0.000148363	-0.000148363	
0.868	-1.47503	0.000147517	-0.000147517	
0.869	-1.46651	0.000146666	-0.000146666	
0.87	-1.45794	0.000145808	-0.000145808	
0.871	-1.44931	0.000144945	-0.000144945	
0.872	-1.44062	0.000144076	-0.000144076	
0.873	-1.43187	0.000143202	-0.000143202	
0.874	-1.42307	0.000142321	-0.000142321	
0.875	-1.41421	0.000141435	-0.000141435	
0.876	-1.4053	0.000140544	-0.000140544	
0.877	-1.39633	0.000139647	-0.000139647	
0.878	-1.38731	0.000138745	-0.000138745	
0.879	-1.37823	0.000137837	-0.000137837	
0.88	-1.36909	0.000136923	-0.000136923	
0.881	-1.35991	0.000136004	-0.000136004	
0.882	-1.35067	0.00013508	-0.00013508	
0.883	-1.34137	0.000134151	-0.000134151	
0.884	-1.33202	0.000133216	-0.000133216	
0.885	-1.32262	0.000132276	-0.000132276	
0.886	-1.31317	0.00013133	-0.00013133	
0.887	-1.30367	0.00013038	-0.00013038	
0.888	-1.29411	0.000129424	-0.000129424	
0.889	-1.28451	0.000128463	-0.000128463	
0.89	-1.27485	0.000127498	-0.000127498	
0.891	-1.26514	0.000126527	-0.000126527	
0.892	-1.25538	0.000125551	-0.000125551	
0.893	-1.24558	0.00012457	-0.00012457	
0.894	-1.23572	0.000123584	-0.000123584	
0.895	-1.22581	0.000122594	-0.000122594	
0.896	-1.21586	0.000121598	-0.000121598	
0.897	-1.20586	0.000120598	-0.000120598	
0.898	-1.19581	0.000119593	-0.000119593	
0.899	-1.18571	0.000118583	-0.000118583	
0.9	-1.17557	0.000117569	-0.000117569	
0.901	-1.16538	0.00011655	-0.00011655	
0.902	-1.15515	0.000115526	-0.000115526	
0.903	-1.14486	0.000114498	-0.000114498	
0.904	-1.13454	0.000113465	-0.000113465	
0.905	-1.12417	0.000112428	-0.000112428	
0.906	-1.11375	0.000111386	-0.000111386	
0.907	-1.10329	0.00011034	-0.00011034	
0.908	-1.09279	0.00010929	-0.00010929	
0.909	-1.08224	0.000108235	-0.000108235	
0.91	-1.07165	0.000107176	-0.000107176	
0.911	-1.06102	0.000106113	-0.000106113	
0.912	-1.05035	0.000105045	-0.000105045	
0.913	-1.03963	0.000103974	-0.000103974	
0.914	-1.02888	0.000102898	-0.000102898	
0.915	-1.01808	0.000101818	-0.000101818	
0.916	-1.00725	0.000100735	-0.000100735	
0.917	-0.99637	9.9647e-05	-9.9647e-05	
0.918	-0.985455	9.85553e-05	-9.85553e-05	
0.919	-0.9745	9.74598e-05	-9.74598e-05	
0.92	-0.963507	9.63604e-05	-9.63604e-05	
0.921	-0.952476	9.52572e-05	-9.52572e-05	
0.922	-0.941408	9.41502e-05	-9.41502e-05	
0.923	-0.930302	9.30395e-05	-9.30395e-05	
0.924	-0.91916	9.19252e-05	-9.19252e-05	
0.925	-0.907981	9.08072e-05	-9.08072e-05	
0.926	-0.896766	8.96856e-05	-8.96856e-05	
0.927	-0.885516	8.85605e-05	-8.85605e-05	
0.928	-0.874232	8.74319e-05	-8.74319e-05	
0.929	-0.862912	8.62998e-05	-8.62998e-05	
0.93	-0.851559	8.51644e-05	-8.51644e-05	
0.931	-0.840171	8.40255e-05	-8.40255e-05	
0.932	-0.828751	8.28834e-05	-8.28834e-05	
0.933	-0.817298	8.1738e-05	-8.1738e-05	
0.934	-0.805813	8.05893e-05	-8.05893e-05	
0.935	-0.794296	7.94375e-05	-7.94375e-05	
0.936	-0.782747	7.82826e-05	-7.82826e-05	
0.937	-0.771168	7.71245e-05	-7.71245e-05	
0.938	-0.759558	7.59634e-05	-7.59634e-05	
0.939	-0.747918	7.47993e-05	-7.47993e-05	
0.94	-0.736249	7.36323e-05	-7.36323e-05	
0.941	-0.724551	7.24623e-05	-7.24623e-05	
0.942	-0.712824	7.12895e-05	-7.12895e-05	
0.943	-0.701069	7.01139e-05	-7.01139e-05	
0.944	-0.689286	6.89355e-05	-6.89355e-05	
0.945	-0.677476	6.77544e-05	-6.77544e-05	
0.946	-0.665639	6.65706e-05	-6.65706e-05	
0.947	-0.653776	6.53841e-05	-6.53841e-05	
0.948	-0.641887	6.41951e-05	-6.41951e-05	
0.949	-0.629973	6.30036e-05	-6.30036e-05	
0.95	-0.618034	6.18096e-05	-6.18096e-05	
0.951	-0.606071	6.06131e-05	-6.06131e-05	
0.952	-0.594083	5.94143e-05	-5.94143e-05	
0.953	-0.582072	5.82131e-05	-5.82131e-05	
0.954	-0.570039	5.70096e-05	-5.70096e-05	
0.955	-0.557982	5.58038e-05	-5.58038e-05	
0.956	-0.545904	5.45958e-05	-5.45958e-05	
0.957	-0.533804	5.33857e-05	-5.33857e-05	
0.958	-0.521683	5.21735e-05	-5.21735e-05	
0.959	-0.509541	5.09592e-05	-5.09592e-05	
0.96	-0.49738	4.9743e-05	-4.9743e-05	
0.961	-0.485198	4.85247e-05	-4.85247e-05	
0.962	-0.472998	4.73045e-05	-4.73045e-05	
0.963	-0.460779	4.60825e-05	-4.60825e-05	
0.964	-0.448542	4.48586e-05	-4.48586e-05	
0.965	-0.436286	4.3633e-05	-4.3633e-05	
0.966	-0.424014	4.24057e-05	-4.24057e-05	
0.967	-0.411725	4.11766e-05	-4.11766e-05	
0.968	-0.39942	3.9946e-05	-3.9946e-05	
0.969	-0.387099	3.87138e-05	-3.87138e-05	
0.97	-0.374763	3.748e-05	-3.748e-05	
0.971	-0.362412	3.62448e-05	-3.62448e-05	
0.972	-0.350046	3.50081e-05	-3.50081e-05	
0.973	-0.337667	3.37701e-05	-3.37701e-05	
0.974	-0.325274	3.25307e-05	-3.25307e-05	
0.975	-0.312869	3.129e-05	-3.129e-05	
0.976	-0.300451	3.00481e-05	-3.00481e-05	
0.977	-0.288022	2.8805e-05	-2.8805e-05	
0.978	-0.275581	2.75608e-05	-2.75608e-05	
0.979	-0.263129	2.63155e-05	-2.63155e-05	
0.98	-0.250666	2.50692e-05	-2.50692e-05	
0.981	-0.238194	2.38218e-05	-2.38218e-05	
0.982	-0.225713	2.25735e-05	-2.25735e-05	
0.983	-0.213222	2.13244e-05	-2.13244e-05	
0.984	-0.200723	2.00744e-05	-2.00744e-05	
0.985	-0.188217	1.88235e-05	-1.88235e-05	
0.986	-0.175702	1.7572e-05	-1.7572e-05	
0.987	-0.163181	1.63198e-05	-1.63198e-05	
0.988	-0.150654	1.50669e-05	-1.50669e-05	
0.989	-0.13812	1.38134e-05	-1.38134e-05	
0.99	-0.125581	1.25594e-05	-1.25594e-05	
0.991	-0.113037	1.13048e-05	-1.13048e-05	
0.992	-0.100489	1.00499e-05	-1.00499e-05	
0.993	-0.0879362	8.7945e-06	-8.7945e-06	
0.994	-0.0753804	7.53879e-06	-7.53879e-06	
0.995	-0.0628215	6.28278e-06	-6.28278e-06	
0.996	-0.0502602	5.02652e-06	-5.02652e-06	
0.997	-0.0376969	3.77006e-06	-3.77006e-06	
0.998	-0.0251321	2.51346e-06	-2.51346e-06	
0.999	-0.0125663	1.25675e-06	-1.25675e-06	
