t	1	2	3	jL0300	jC0103	jV0200	
0	10	10	10	1e-10	1e-10	-1e-10	
0.01	0.1	0.1	0.1	5.05e-11	5.05e-11	-5.05e-11	
0.02	0.1	0.1	0.1	1e-12	1e-12	-1e-12	
0.03	0.1	0.1	0.1	1e-12	1e-12	-1e-12	
0.04	0.1	0.1	0.1	1e-12	1e-12	-1e-12	
0.05	0.1	0.1	0.1	1e-12	1e-12	-1e-12	
0.06	0.1	0.1	0.1	1e-12	1e-12	-1e-12	
0.07	0.1	0.1	0.1	1e-12	1e-12	-1e-12	
0.08	0.1	0.1	0.1	1e-12	1e-12	-1e-12	
0.09	0.1	0.1	0.1	1e-12	1e-12	-1e-12	
0.1	0.1	0.1	0.1	1e-12	1e-12	-1e-12	
0.11	0.1	0.1	0.1	1e-12	1e-12	-1e-12	
0.12	0.1	0.1	0.1	1e-12	1e-12	-1e-12	
0.13	0.1	0.1	0.1	1e-12	1e-12	-1e-12	
0.14	0.1	0.1	0.1	1e-12	1e-12	-1e-12	
0.15	0.1	0.1	0.1	1e-12	1e-12	-1e-12	
0.16	0.1	0.1	0.1	1e-12	1e-12	-1e-12	
0.17	0.1	0.1	0.1	1e-12	1e-12	-1e-12	
0.18	0.1	0.1	0.1	1e-12	1e-12	-1e-12	
0.19	0.1	0.1	0.1	1e-12	1e-12	-1e-12	
0.2	0.1	0.1	0.1	1e-12	1e-12	-1e-12	
0.21	0.1	0.1	0.1	1e-12	1e-12	-1e-12	
0.22	0.1	0.1	0.1	1e-12	1e-12	-1e-12	
0.23	0.1	0.1	0.1	1e-12	1e-12	-1e-12	
0.24	0.1	0.1	0.1	1e-12	1e-12	-1e-12	
0.25	0.1	0.1	0.1	1e-12	1e-12	-1e-12	
0.26	0.1	0.1	0.1	1e-12	1e-12	-1e-12	
0.27	0.1	0.1	0.1	1e-12	1e-12	-1e-12	
0.28	0.1	0.1	0.1	1e-12	1e-12	-1e-12	
0.29	0.1	0.1	0.1	1e-12	1e-12	-1e-12	
0.3	0.1	0.1	0.1	1e-12	1e-12	-1e-12	
0.31	0.1	0.1	0.1	1e-12	1e-12	-1e-12	
0.32	0.1	0.1	0.1	1e-12	1e-12	-1e-12	
0.33	0.1	0.1	0.1	1e-12	1e-12	-1e-12	
0.34	0.1	0.1	0.1	1e-12	1e-12	-1e-12	
0.35	0.1	0.1	0.1	1e-12	1e-12	-1e-12	
0.36	0.1	0.1	0.1	1e-12	1e-12	-1e-12	
0.37	0.1	0.1	0.1	1e-12	1e-12	-1e-12	
0.38	0.1	0.1	0.1	1e-12	1e-12	-1e-12	
0.39	0.1	0.1	0.1	1e-12	1e-12	-1e-12	
0.4	0.1	0.1	0.1	1e-12	1e-12	-1e-12	
0.41	0.1	0.1	0.1	1e-12	1e-12	-1e-12	
0.42	0.1	0.1	0.1	1e-12	1e-12	-1e-12	
0.43	0.1	0.1	0.1	1e-12	1e-12	-1e-12	
0.44	0.1	0.1	0.1	1e-12	1e-12	-1e-12	
0.45	0.1	0.1	0.1	1e-12	1e-12	-1e-12	
0.46	0.1	0.1	0.1	1e-12	1e-12	-1e-12	
0.47	0.1	0.1	0.1	1e-12	1e-12	-1e-12	
0.48	0.1	0.1	0.1	1e-12	1e-12	-1e-12	
0.49	0.1	0.1	0.1	1e-12	1e-12	-1e-12	
0.5	0.1	0.1	0.1	1e-12	1e-12	-1e-12	
0.51	0.1	0.1	0.1	1e-12	1e-12	-1e-12	
0.52	0.1	0.1	0.1	1e-12	1e-12	-1e-12	
0.53	0.1	0.1	0.1	1e-12	1e-12	-1e-12	
0.54	0.1	0.1	0.1	1e-12	1e-12	-1e-12	
0.55	0.1	0.1	0.1	1e-12	1e-12	-1e-12	
0.56	0.1	0.1	0.1	1e-12	1e-12	-1e-12	
0.57	0.1	0.1	0.1	1e-12	1e-12	-1e-12	
0.58	0.1	0.1	0.1	1e-12	1e-12	-1e-12	
0.59	0.1	0.1	0.1	1e-12	1e-12	-1e-12	
0.6	0.1	0.1	0.1	1e-12	1e-12	-1e-12	
0.61	0.1	0.1	0.1	1e-12	1e-12	-1e-12	
0.62	0.1	0.1	0.1	1e-12	1e-12	-1e-12	
0.63	0.1	0.1	0.1	1e-12	1e-12	-1e-12	
0.64	0.1	0.1	0.1	1e-12	1e-12	-1e-12	
0.65	0.1	0.1	0.1	1e-12	1e-12	-1e-12	
0.66	0.1	0.1	0.1	1e-12	1e-12	-1e-12	
0.67	0.1	0.1	0.1	1e-12	1e-12	-1e-12	
0.68	0.1	0.1	0.1	1e-12	1e-12	-1e-12	
0.69	0.1	0.1	0.1	1e-12	1e-12	-1e-12	
0.7	0.1	0.1	0.1	1e-12	1e-12	-1e-12	
0.71	0.1	0.1	0.1	1e-12	1e-12	-1e-12	
0.72	0.1	0.1	0.1	1e-12	1e-12	-1e-12	
0.73	0.1	0.1	0.1	1e-12	1e-12	-1e-12	
0.74	0.1	0.1	0.1	1e-12	1e-12	-1e-12	
0.75	0.1	0.1	0.1	1e-12	1e-12	-1e-12	
0.76	0.1	0.1	0.1	1e-12	1e-12	-1e-12	
0.77	0.1	0.1	0.1	1e-12	1e-12	-1e-12	
0.78	0.1	0.1	0.1	1e-12	1e-12	-1e-12	
0.79	0.1	0.1	0.1	1e-12	1e-12	-1e-12	
0.8	0.1	0.1	0.1	1e-12	1e-12	-1e-12	
0.81	0.1	0.1	0.1	1e-12	1e-12	-1e-12	
0.82	0.1	0.1	0.1	1e-12	1e-12	-1e-12	
0.83	0.1	0.1	0.1	1e-12	1e-12	-1e-12	
0.84	0.1	0.1	0.1	1e-12	1e-12	-1e-12	
0.85	0.1	0.1	0.1	1e-12	1e-12	-1e-12	
0.86	0.1	0.1	0.1	1e-12	1e-12	-1e-12	
0.87	0.1	0.1	0.1	1e-12	1e-12	-1e-12	
0.88	0.1	0.1	0.1	1e-12	1e-12	-1e-12	
0.89	0.1	0.1	0.1	1e-12	1e-12	-1e-12	
0.9	0.1	0.1	0.1	1e-12	1e-12	-1e-12	
0.91	0.1	0.1	0.1	1e-12	1e-12	-1e-12	
0.92	0.1	0.1	0.1	1e-12	1e-12	-1e-12	
0.93	0.1	0.1	0.1	1e-12	1e-12	-1e-12	
0.94	0.1	0.1	0.1	1e-12	1e-12	-1e-12	
0.95	0.1	0.1	0.1	1e-12	1e-12	-1e-12	
0.96	0.1	0.1	0.1	1e-12	1e-12	-1e-12	
0.97	0.1	0.1	0.1	1e-12	1e-12	-1e-12	
0.98	0.1	0.1	0.1	1e-12	1e-12	-1e-12	
0.99	0.1	0.1	0.1	1e-12	1e-12	-1e-12	
1	0.1	0.1	0.1	1e-12	1e-12	-1e-12	
1.01	0.1	0.1	0.1	1e-12	1e-12	-1e-12	
1.02	0.1	0.1	0.1	1e-12	1e-12	-1e-12	
1.03	0.1	0.1	0.1	1e-12	1e-12	-1e-12	
1.04	0.1	0.1	0.1	1e-12	1e-12	-1e-12	
1.05	0.1	0.1	0.1	1e-12	1e-12	-1e-12	
1.06	0.1	0.1	0.1	1e-12	1e-12	-1e-12	
1.07	0.1	0.1	0.1	1e-12	1e-12	-1e-12	
1.08	0.1	0.1	0.1	1e-12	1e-12	-1e-12	
1.09	0.1	0.1	0.1	1e-12	1e-12	-1e-12	
1.1	0.1	0.1	0.1	1e-12	1e-12	-1e-12	
1.11	0.1	0.1	0.1	1e-12	1e-12	-1e-12	
1.12	0.1	0.1	0.1	1e-12	1e-12	-1e-12	
1.13	0.1	0.1	0.1	1e-12	1e-12	-1e-12	
1.14	0.1	0.1	0.1	1e-12	1e-12	-1e-12	
1.15	0.1	0.1	0.1	1e-12	1e-12	-1e-12	
1.16	0.1	0.1	0.1	1e-12	1e-12	-1e-12	
1.17	0.1	0.1	0.1	1e-12	1e-12	-1e-12	
1.18	0.1	0.1	0.1	1e-12	1e-12	-1e-12	
1.19	0.1	0.1	0.1	1e-12	1e-12	-1e-12	
1.2	0.1	0.1	0.1	1e-12	1e-12	-1e-12	
1.21	0.1	0.1	0.1	1e-12	1e-12	-1e-12	
1.22	0.1	0.1	0.1	1e-12	1e-12	-1e-12	
1.23	0.1	0.1	0.1	1e-12	1e-12	-1e-12	
1.24	0.1	0.1	0.1	1e-12	1e-12	-1e-12	
1.25	0.1	0.1	0.1	1e-12	1e-12	-1e-12	
1.26	0.1	0.1	0.1	1e-12	1e-12	-1e-12	
1.27	0.1	0.1	0.1	1e-12	1e-12	-1e-12	
1.28	0.1	0.1	0.1	1e-12	1e-12	-1e-12	
1.29	0.1	0.1	0.1	1e-12	1e-12	-1e-12	
1.3	0.1	0.1	0.1	1e-12	1e-12	-1e-12	
1.31	0.1	0.1	0.1	1e-12	1e-12	-1e-12	
1.32	0.1	0.1	0.1	1e-12	1e-12	-1e-12	
1.33	0.1	0.1	0.1	1e-12	1e-12	-1e-12	
1.34	0.1	0.1	0.1	1e-12	1e-12	-1e-12	
1.35	0.1	0.1	0.1	1e-12	1e-12	-1e-12	
1.36	0.1	0.1	0.1	1e-12	1e-12	-1e-12	
1.37	0.1	0.1	0.1	1e-12	1e-12	-1e-12	
1.38	0.1	0.1	0.1	1e-12	1e-12	-1e-12	
1.39	0.1	0.1	0.1	1e-12	1e-12	-1e-12	
1.4	0.1	0.1	0.1	1e-12	1e-12	-1e-12	
1.41	0.1	0.1	0.1	1e-12	1e-12	-1e-12	
1.42	0.1	0.1	0.1	1e-12	1e-12	-1e-12	
1.43	0.1	0.1	0.1	1e-12	1e-12	-1e-12	
1.44	0.1	0.1	0.1	1e-12	1e-12	-1e-12	
1.45	0.1	0.1	0.1	1e-12	1e-12	-1e-12	
1.46	0.1	0.1	0.1	1e-12	1e-12	-1e-12	
1.47	0.1	0.1	0.1	1e-12	1e-12	-1e-12	
1.48	0.1	0.1	0.1	1e-12	1e-12	-1e-12	
1.49	0.1	0.1	0.1	1e-12	1e-12	-1e-12	
1.5	0.1	0.1	0.1	1e-12	1e-12	-1e-12	
1.51	0.1	0.1	0.1	1e-12	1e-12	-1e-12	
1.52	0.1	0.1	0.1	1e-12	1e-12	-1e-12	
1.53	0.1	0.1	0.1	1e-12	1e-12	-1e-12	
1.54	0.1	0.1	0.1	1e-12	1e-12	-1e-12	
1.55	0.1	0.1	0.1	1e-12	1e-12	-1e-12	
1.56	0.1	0.1	0.1	1e-12	1e-12	-1e-12	
1.57	0.1	0.1	0.1	1e-12	1e-12	-1e-12	
1.58	0.1	0.1	0.1	1e-12	1e-12	-1e-12	
1.59	0.1	0.1	0.1	1e-12	1e-12	-1e-12	
1.6	0.1	0.1	0.1	1e-12	1e-12	-1e-12	
1.61	0.1	0.1	0.1	1e-12	1e-12	-1e-12	
1.62	0.1	0.1	0.1	1e-12	1e-12	-1e-12	
1.63	0.1	0.1	0.1	1e-12	1e-12	-1e-12	
1.64	0.1	0.1	0.1	1e-12	1e-12	-1e-12	
1.65	0.1	0.1	0.1	1e-12	1e-12	-1e-12	
1.66	0.1	0.1	0.1	1e-12	1e-12	-1e-12	
1.67	0.1	0.1	0.1	1e-12	1e-12	-1e-12	
1.68	0.1	0.1	0.1	1e-12	1e-12	-1e-12	
1.69	0.1	0.1	0.1	1e-12	1e-12	-1e-12	
1.7	0.1	0.1	0.1	1e-12	1e-12	-1e-12	
1.71	0.1	0.1	0.1	1e-12	1e-12	-1e-12	
1.72	0.1	0.1	0.1	1e-12	1e-12	-1e-12	
1.73	0.1	0.1	0.1	1e-12	1e-12	-1e-12	
1.74	0.1	0.1	0.1	1e-12	1e-12	-1e-12	
1.75	0.1	0.1	0.1	1e-12	1e-12	-1e-12	
1.76	0.1	0.1	0.1	1e-12	1e-12	-1e-12	
1.77	0.1	0.1	0.1	1e-12	1e-12	-1e-12	
1.78	0.1	0.1	0.1	1e-12	1e-12	-1e-12	
1.79	0.1	0.1	0.1	1e-12	1e-12	-1e-12	
1.8	0.1	0.1	0.1	1e-12	1e-12	-1e-12	
1.81	0.1	0.1	0.1	1e-12	1e-12	-1e-12	
1.82	0.1	0.1	0.1	1e-12	1e-12	-1e-12	
1.83	0.1	0.1	0.1	1e-12	1e-12	-1e-12	
1.84	0.1	0.1	0.1	1e-12	1e-12	-1e-12	
1.85	0.1	0.1	0.1	1e-12	1e-12	-1e-12	
1.86	0.1	0.1	0.1	1e-12	1e-12	-1e-12	
1.87	0.1	0.1	0.1	1e-12	1e-12	-1e-12	
1.88	0.1	0.1	0.1	1e-12	1e-12	-1e-12	
1.89	0.1	0.1	0.1	1e-12	1e-12	-1e-12	
1.9	0.1	0.1	0.1	1e-12	1e-12	-1e-12	
1.91	0.1	0.1	0.1	1e-12	1e-12	-1e-12	
1.92	0.1	0.1	0.1	1e-12	1e-12	-1e-12	
1.93	0.1	0.1	0.1	1e-12	1e-12	-1e-12	
1.94	0.1	0.1	0.1	1e-12	1e-12	-1e-12	
1.95	0.1	0.1	0.1	1e-12	1e-12	-1e-12	
1.96	0.1	0.1	0.1	1e-12	1e-12	-1e-12	
1.97	0.1	0.1	0.1	1e-12	1e-12	-1e-12	
1.98	0.1	0.1	0.1	1e-12	1e-12	-1e-12	
1.99	0.1	0.1	0.1	1e-12	1e-12	-1e-12	
2	10	10	10	5.05e-11	5.05e-11	-5.05e-11	
2.01	10	10	10	1e-10	1e-10	-1e-10	
2.02	10	10	10	1e-10	1e-10	-1e-10	
2.03	10	10	10	1e-10	1e-10	-1e-10	
2.04	10	10	10	1e-10	1e-10	-1e-10	
2.05	10	10	10	1e-10	1e-10	-1e-10	
2.06	10	10	10	1e-10	1e-10	-1e-10	
2.07	10	10	10	1e-10	1e-10	-1e-10	
2.08	10	10	10	1e-10	1e-10	-1e-10	
2.09	10	10	10	1e-10	1e-10	-1e-10	
2.1	10	10	10	1e-10	1e-10	-1e-10	
2.11	10	10	10	1e-10	1e-10	-1e-10	
2.12	10	10	10	1e-10	1e-10	-1e-10	
2.13	10	10	10	1e-10	1e-10	-1e-10	
2.14	10	10	10	1e-10	1e-10	-1e-10	
2.15	10	10	10	1e-10	1e-10	-1e-10	
2.16	10	10	10	1e-10	1e-10	-1e-10	
2.17	10	10	10	1e-10	1e-10	-1e-10	
2.18	10	10	10	1e-10	1e-10	-1e-10	
2.19	10	10	10	1e-10	1e-10	-1e-10	
2.2	10	10	10	1e-10	1e-10	-1e-10	
2.21	10	10	10	1e-10	1e-10	-1e-10	
2.22	10	10	10	1e-10	1e-10	-1e-10	
2.23	10	10	10	1e-10	1e-10	-1e-10	
2.24	10	10	10	1e-10	1e-10	-1e-10	
2.25	10	10	10	1e-10	1e-10	-1e-10	
2.26	10	10	10	1e-10	1e-10	-1e-10	
2.27	10	10	10	1e-10	1e-10	-1e-10	
2.28	10	10	10	1e-10	1e-10	-1e-10	
2.29	10	10	10	1e-10	1e-10	-1e-10	
2.3	10	10	10	1e-10	1e-10	-1e-10	
2.31	10	10	10	1e-10	1e-10	-1e-10	
2.32	10	10	10	1e-10	1e-10	-1e-10	
2.33	10	10	10	1e-10	1e-10	-1e-10	
2.34	10	10	10	1e-10	1e-10	-1e-10	
2.35	10	10	10	1e-10	1e-10	-1e-10	
2.36	10	10	10	1e-10	1e-10	-1e-10	
2.37	10	10	10	1e-10	1e-10	-1e-10	
2.38	10	10	10	1e-10	1e-10	-1e-10	
2.39	10	10	10	1e-10	1e-10	-1e-10	
2.4	10	10	10	1e-10	1e-10	-1e-10	
2.41	10	10	10	1e-10	1e-10	-1e-10	
2.42	10	10	10	1e-10	1e-10	-1e-10	
2.43	10	10	10	1e-10	1e-10	-1e-10	
2.44	10	10	10	1e-10	1e-10	-1e-10	
2.45	10	10	10	1e-10	1e-10	-1e-10	
2.46	10	10	10	1e-10	1e-10	-1e-10	
2.47	10	10	10	1e-10	1e-10	-1e-10	
2.48	10	10	10	1e-10	1e-10	-1e-10	
2.49	10	10	10	1e-10	1e-10	-1e-10	
2.5	10	10	10	1e-10	1e-10	-1e-10	
2.51	10	10	10	1e-10	1e-10	-1e-10	
2.52	10	10	10	1e-10	1e-10	-1e-10	
2.53	10	10	10	1e-10	1e-10	-1e-10	
2.54	10	10	10	1e-10	1e-10	-1e-10	
2.55	10	10	10	1e-10	1e-10	-1e-10	
2.56	10	10	10	1e-10	1e-10	-1e-10	
2.57	10	10	10	1e-10	1e-10	-1e-10	
2.58	10	10	10	1e-10	1e-10	-1e-10	
2.59	10	10	10	1e-10	1e-10	-1e-10	
2.6	10	10	10	1e-10	1e-10	-1e-10	
2.61	10	10	10	1e-10	1e-10	-1e-10	
2.62	10	10	10	1e-10	1e-10	-1e-10	
2.63	10	10	10	1e-10	1e-10	-1e-10	
2.64	10	10	10	1e-10	1e-10	-1e-10	
2.65	10	10	10	1e-10	1e-10	-1e-10	
2.66	10	10	10	1e-10	1e-10	-1e-10	
2.67	10	10	10	1e-10	1e-10	-1e-10	
2.68	10	10	10	1e-10	1e-10	-1e-10	
2.69	10	10	10	1e-10	1e-10	-1e-10	
2.7	10	10	10	1e-10	1e-10	-1e-10	
2.71	10	10	10	1e-10	1e-10	-1e-10	
2.72	10	10	10	1e-10	1e-10	-1e-10	
2.73	10	10	10	1e-10	1e-10	-1e-10	
2.74	10	10	10	1e-10	1e-10	-1e-10	
2.75	10	10	10	1e-10	1e-10	-1e-10	
2.76	10	10	10	1e-10	1e-10	-1e-10	
2.77	10	10	10	1e-10	1e-10	-1e-10	
2.78	10	10	10	1e-10	1e-10	-1e-10	
2.79	10	10	10	1e-10	1e-10	-1e-10	
2.8	10	10	10	1e-10	1e-10	-1e-10	
2.81	10	10	10	1e-10	1e-10	-1e-10	
2.82	10	10	10	1e-10	1e-10	-1e-10	
2.83	10	10	10	1e-10	1e-10	-1e-10	
2.84	10	10	10	1e-10	1e-10	-1e-10	
2.85	10	10	10	1e-10	1e-10	-1e-10	
2.86	10	10	10	1e-10	1e-10	-1e-10	
2.87	10	10	10	1e-10	1e-10	-1e-10	
2.88	10	10	10	1e-10	1e-10	-1e-10	
2.89	10	10	10	1e-10	1e-10	-1e-10	
2.9	10	10	10	1e-10	1e-10	-1e-10	
2.91	10	10	10	1e-10	1e-10	-1e-10	
2.92	10	10	10	1e-10	1e-10	-1e-10	
2.93	10	10	10	1e-10	1e-10	-1e-10	
2.94	10	10	10	1e-10	1e-10	-1e-10	
2.95	10	10	10	1e-10	1e-10	-1e-10	
2.96	10	10	10	1e-10	1e-10	-1e-10	
2.97	10	10	10	1e-10	1e-10	-1e-10	
2.98	10	10	10	1e-10	1e-10	-1e-10	
2.99	10	10	10	1e-10	1e-10	-1e-10	
3	10	10	10	1e-10	1e-10	-1e-10	
3.01	10	10	10	1e-10	1e-10	-1e-10	
3.02	10	10	10	1e-10	1e-10	-1e-10	
3.03	10	10	10	1e-10	1e-10	-1e-10	
3.04	10	10	10	1e-10	1e-10	-1e-10	
3.05	10	10	10	1e-10	1e-10	-1e-10	
3.06	10	10	10	1e-10	1e-10	-1e-10	
3.07	10	10	10	1e-10	1e-10	-1e-10	
3.08	10	10	10	1e-10	1e-10	-1e-10	
3.09	10	10	10	1e-10	1e-10	-1e-10	
3.1	10	10	10	1e-10	1e-10	-1e-10	
3.11	10	10	10	1e-10	1e-10	-1e-10	
3.12	10	10	10	1e-10	1e-10	-1e-10	
3.13	10	10	10	1e-10	1e-10	-1e-10	
3.14	10	10	10	1e-10	1e-10	-1e-10	
3.15	10	10	10	1e-10	1e-10	-1e-10	
3.16	10	10	10	1e-10	1e-10	-1e-10	
3.17	10	10	10	1e-10	1e-10	-1e-10	
3.18	10	10	10	1e-10	1e-10	-1e-10	
3.19	10	10	10	1e-10	1e-10	-1e-10	
3.2	10	10	10	1e-10	1e-10	-1e-10	
3.21	10	10	10	1e-10	1e-10	-1e-10	
3.22	10	10	10	1e-10	1e-10	-1e-10	
3.23	10	10	10	1e-10	1e-10	-1e-10	
3.24	10	10	10	1e-10	1e-10	-1e-10	
3.25	10	10	10	1e-10	1e-10	-1e-10	
3.26	10	10	10	1e-10	1e-10	-1e-10	
3.27	10	10	10	1e-10	1e-10	-1e-10	
3.28	10	10	10	1e-10	1e-10	-1e-10	
3.29	10	10	10	1e-10	1e-10	-1e-10	
3.3	10	10	10	1e-10	1e-10	-1e-10	
3.31	10	10	10	1e-10	1e-10	-1e-10	
3.32	10	10	10	1e-10	1e-10	-1e-10	
3.33	10	10	10	1e-10	1e-10	-1e-10	
3.34	10	10	10	1e-10	1e-10	-1e-10	
3.35	10	10	10	1e-10	1e-10	-1e-10	
3.36	10	10	10	1e-10	1e-10	-1e-10	
3.37	10	10	10	1e-10	1e-10	-1e-10	
3.38	10	10	10	1e-10	1e-10	-1e-10	
3.39	10	10	10	1e-10	1e-10	-1e-10	
3.4	10	10	10	1e-10	1e-10	-1e-10	
3.41	10	10	10	1e-10	1e-10	-1e-10	
3.42	10	10	10	1e-10	1e-10	-1e-10	
3.43	10	10	10	1e-10	1e-10	-1e-10	
3.44	10	10	10	1e-10	1e-10	-1e-10	
3.45	10	10	10	1e-10	1e-10	-1e-10	
3.46	10	10	10	1e-10	1e-10	-1e-10	
3.47	10	10	10	1e-10	1e-10	-1e-10	
3.48	10	10	10	1e-10	1e-10	-1e-10	
3.49	10	10	10	1e-10	1e-10	-1e-10	
3.5	10	10	10	1e-10	1e-10	-1e-10	
3.51	10	10	10	1e-10	1e-10	-1e-10	
3.52	10	10	10	1e-10	1e-10	-1e-10	
3.53	10	10	10	1e-10	1e-10	-1e-10	
3.54	10	10	10	1e-10	1e-10	-1e-10	
3.55	10	10	10	1e-10	1e-10	-1e-10	
3.56	10	10	10	1e-10	1e-10	-1e-10	
3.57	10	10	10	1e-10	1e-10	-1e-10	
3.58	10	10	10	1e-10	1e-10	-1e-10	
3.59	10	10	10	1e-10	1e-10	-1e-10	
3.6	10	10	10	1e-10	1e-10	-1e-10	
3.61	10	10	10	1e-10	1e-10	-1e-10	
3.62	10	10	10	1e-10	1e-10	-1e-10	
3.63	10	10	10	1e-10	1e-10	-1e-10	
3.64	10	10	10	1e-10	1e-10	-1e-10	
3.65	10	10	10	1e-10	1e-10	-1e-10	
3.66	10	10	10	1e-10	1e-10	-1e-10	
3.67	10	10	10	1e-10	1e-10	-1e-10	
3.68	10	10	10	1e-10	1e-10	-1e-10	
3.69	10	10	10	1e-10	1e-10	-1e-10	
3.7	10	10	10	1e-10	1e-10	-1e-10	
3.71	10	10	10	1e-10	1e-10	-1e-10	
3.72	10	10	10	1e-10	1e-10	-1e-10	
3.73	10	10	10	1e-10	1e-10	-1e-10	
3.74	10	10	10	1e-10	1e-10	-1e-10	
3.75	10	10	10	1e-10	1e-10	-1e-10	
3.76	10	10	10	1e-10	1e-10	-1e-10	
3.77	10	10	10	1e-10	1e-10	-1e-10	
3.78	10	10	10	1e-10	1e-10	-1e-10	
3.79	10	10	10	1e-10	1e-10	-1e-10	
3.8	10	10	10	1e-10	1e-10	-1e-10	
3.81	10	10	10	1e-10	1e-10	-1e-10	
3.82	10	10	10	1e-10	1e-10	-1e-10	
3.83	10	10	10	1e-10	1e-10	-1e-10	
3.84	10	10	10	1e-10	1e-10	-1e-10	
3.85	10	10	10	1e-10	1e-10	-1e-10	
3.86	10	10	10	1e-10	1e-10	-1e-10	
3.87	10	10	10	1e-10	1e-10	-1e-10	
3.88	10	10	10	1e-10	1e-10	-1e-10	
3.89	10	10	10	1e-10	1e-10	-1e-10	
3.9	10	10	10	1e-10	1e-10	-1e-10	
3.91	10	10	10	1e-10	1e-10	-1e-10	
3.92	10	10	10	1e-10	1e-10	-1e-10	
3.93	10	10	10	1e-10	1e-10	-1e-10	
3.94	10	10	10	1e-10	1e-10	-1e-10	
3.95	10	10	10	1e-10	1e-10	-1e-10	
3.96	10	10	10	1e-10	1e-10	-1e-10	
3.97	10	10	10	1e-10	1e-10	-1e-10	
3.98	10	10	10	1e-10	1e-10	-1e-10	
3.99	10	10	10	1e-10	1e-10	-1e-10	
4	10	10	10	1e-10	1e-10	-1e-10	
4.01	10	10	10	1e-10	1e-10	-1e-10	
4.02	10	10	10	1e-10	1e-10	-1e-10	
4.03	10	10	10	1e-10	1e-10	-1e-10	
4.04	10	10	10	1e-10	1e-10	-1e-10	
4.05	10	10	10	1e-10	1e-10	-1e-10	
4.06	10	10	10	1e-10	1e-10	-1e-10	
4.07	10	10	10	1e-10	1e-10	-1e-10	
4.08	10	10	10	1e-10	1e-10	-1e-10	
4.09	10	10	10	1e-10	1e-10	-1e-10	
4.1	10	10	10	1e-10	1e-10	-1e-10	
4.11	10	10	10	1e-10	1e-10	-1e-10	
4.12	10	10	10	1e-10	1e-10	-1e-10	
4.13	10	10	10	1e-10	1e-10	-1e-10	
4.14	10	10	10	1e-10	1e-10	-1e-10	
4.15	10	10	10	1e-10	1e-10	-1e-10	
4.16	10	10	10	1e-10	1e-10	-1e-10	
4.17	10	10	10	1e-10	1e-10	-1e-10	
4.18	10	10	10	1e-10	1e-10	-1e-10	
4.19	10	10	10	1e-10	1e-10	-1e-10	
4.2	10	10	10	1e-10	1e-10	-1e-10	
4.21	10	10	10	1e-10	1e-10	-1e-10	
4.22	10	10	10	1e-10	1e-10	-1e-10	
4.23	10	10	10	1e-10	1e-10	-1e-10	
4.24	10	10	10	1e-10	1e-10	-1e-10	
4.25	10	10	10	1e-10	1e-10	-1e-10	
4.26	10	10	10	1e-10	1e-10	-1e-10	
4.27	10	10	10	1e-10	1e-10	-1e-10	
4.28	10	10	10	1e-10	1e-10	-1e-10	
4.29	10	10	10	1e-10	1e-10	-1e-10	
4.3	10	10	10	1e-10	1e-10	-1e-10	
4.31	10	10	10	1e-10	1e-10	-1e-10	
4.32	10	10	10	1e-10	1e-10	-1e-10	
4.33	10	10	10	1e-10	1e-10	-1e-10	
4.34	10	10	10	1e-10	1e-10	-1e-10	
4.35	10	10	10	1e-10	1e-10	-1e-10	
4.36	10	10	10	1e-10	1e-10	-1e-10	
4.37	10	10	10	1e-10	1e-10	-1e-10	
4.38	10	10	10	1e-10	1e-10	-1e-10	
4.39	10	10	10	1e-10	1e-10	-1e-10	
4.4	10	10	10	1e-10	1e-10	-1e-10	
4.41	10	10	10	1e-10	1e-10	-1e-10	
4.42	10	10	10	1e-10	1e-10	-1e-10	
4.43	10	10	10	1e-10	1e-10	-1e-10	
4.44	10	10	10	1e-10	1e-10	-1e-10	
4.45	10	10	10	1e-10	1e-10	-1e-10	
4.46	10	10	10	1e-10	1e-10	-1e-10	
4.47	10	10	10	1e-10	1e-10	-1e-10	
4.48	10	10	10	1e-10	1e-10	-1e-10	
4.49	10	10	10	1e-10	1e-10	-1e-10	
4.5	10	10	10	1e-10	1e-10	-1e-10	
4.51	10	10	10	1e-10	1e-10	-1e-10	
4.52	10	10	10	1e-10	1e-10	-1e-10	
4.53	10	10	10	1e-10	1e-10	-1e-10	
4.54	10	10	10	1e-10	1e-10	-1e-10	
4.55	10	10	10	1e-10	1e-10	-1e-10	
4.56	10	10	10	1e-10	1e-10	-1e-10	
4.57	10	10	10	1e-10	1e-10	-1e-10	
4.58	10	10	10	1e-10	1e-10	-1e-10	
4.59	10	10	10	1e-10	1e-10	-1e-10	
4.6	10	10	10	1e-10	1e-10	-1e-10	
4.61	10	10	10	1e-10	1e-10	-1e-10	
4.62	10	10	10	1e-10	1e-10	-1e-10	
4.63	10	10	10	1e-10	1e-10	-1e-10	
4.64	10	10	10	1e-10	1e-10	-1e-10	
4.65	10	10	10	1e-10	1e-10	-1e-10	
4.66	10	10	10	1e-10	1e-10	-1e-10	
4.67	10	10	10	1e-10	1e-10	-1e-10	
4.68	10	10	10	1e-10	1e-10	-1e-10	
4.69	10	10	10	1e-10	1e-10	-1e-10	
4.7	10	10	10	1e-10	1e-10	-1e-10	
4.71	10	10	10	1e-10	1e-10	-1e-10	
4.72	10	10	10	1e-10	1e-10	-1e-10	
4.73	10	10	10	1e-10	1e-10	-1e-10	
4.74	10	10	10	1e-10	1e-10	-1e-10	
4.75	10	10	10	1e-10	1e-10	-1e-10	
4.76	10	10	10	1e-10	1e-10	-1e-10	
4.77	10	10	10	1e-10	1e-10	-1e-10	
4.78	10	10	10	1e-10	1e-10	-1e-10	
4.79	10	10	10	1e-10	1e-10	-1e-10	
4.8	10	10	10	1e-10	1e-10	-1e-10	
4.81	10	10	10	1e-10	1e-10	-1e-10	
4.82	10	10	10	1e-10	1e-10	-1e-10	
4.83	10	10	10	1e-10	1e-10	-1e-10	
4.84	10	10	10	1e-10	1e-10	-1e-10	
4.85	10	10	10	1e-10	1e-10	-1e-10	
4.86	10	10	10	1e-10	1e-10	-1e-10	
4.87	10	10	10	1e-10	1e-10	-1e-10	
4.88	10	10	10	1e-10	1e-10	-1e-10	
4.89	10	10	10	1e-10	1e-10	-1e-10	
4.9	10	10	10	1e-10	1e-10	-1e-10	
4.91	10	10	10	1e-10	1e-10	-1e-10	
4.92	10	10	10	1e-10	1e-10	-1e-10	
4.93	10	10	10	1e-10	1e-10	-1e-10	
4.94	10	10	10	1e-10	1e-10	-1e-10	
4.95	10	10	10	1e-10	1e-10	-1e-10	
4.96	10	10	10	1e-10	1e-10	-1e-10	
4.97	10	10	10	1e-10	1e-10	-1e-10	
4.98	10	10	10	1e-10	1e-10	-1e-10	
4.99	10	10	10	1e-10	1e-10	-1e-10	
5	10	10	10	1e-10	1e-10	-1e-10	
5.01	10	10	10	1e-10	1e-10	-1e-10	
5.02	10	10	10	1e-10	1e-10	-1e-10	
5.03	10	10	10	1e-10	1e-10	-1e-10	
5.04	10	10	10	1e-10	1e-10	-1e-10	
5.05	10	10	10	1e-10	1e-10	-1e-10	
5.06	10	10	10	1e-10	1e-10	-1e-10	
5.07	10	10	10	1e-10	1e-10	-1e-10	
5.08	10	10	10	1e-10	1e-10	-1e-10	
5.09	10	10	10	1e-10	1e-10	-1e-10	
5.1	10	10	10	1e-10	1e-10	-1e-10	
5.11	10	10	10	1e-10	1e-10	-1e-10	
5.12	10	10	10	1e-10	1e-10	-1e-10	
5.13	10	10	10	1e-10	1e-10	-1e-10	
5.14	10	10	10	1e-10	1e-10	-1e-10	
5.15	10	10	10	1e-10	1e-10	-1e-10	
5.16	10	10	10	1e-10	1e-10	-1e-10	
5.17	10	10	10	1e-10	1e-10	-1e-10	
5.18	10	10	10	1e-10	1e-10	-1e-10	
5.19	10	10	10	1e-10	1e-10	-1e-10	
5.2	10	10	10	1e-10	1e-10	-1e-10	
5.21	10	10	10	1e-10	1e-10	-1e-10	
5.22	10	10	10	1e-10	1e-10	-1e-10	
5.23	10	10	10	1e-10	1e-10	-1e-10	
5.24	10	10	10	1e-10	1e-10	-1e-10	
5.25	10	10	10	1e-10	1e-10	-1e-10	
5.26	10	10	10	1e-10	1e-10	-1e-10	
5.27	10	10	10	1e-10	1e-10	-1e-10	
5.28	10	10	10	1e-10	1e-10	-1e-10	
5.29	10	10	10	1e-10	1e-10	-1e-10	
5.3	10	10	10	1e-10	1e-10	-1e-10	
5.31	10	10	10	1e-10	1e-10	-1e-10	
5.32	10	10	10	1e-10	1e-10	-1e-10	
5.33	10	10	10	1e-10	1e-10	-1e-10	
5.34	10	10	10	1e-10	1e-10	-1e-10	
5.35	10	10	10	1e-10	1e-10	-1e-10	
5.36	10	10	10	1e-10	1e-10	-1e-10	
5.37	10	10	10	1e-10	1e-10	-1e-10	
5.38	10	10	10	1e-10	1e-10	-1e-10	
5.39	10	10	10	1e-10	1e-10	-1e-10	
5.4	10	10	10	1e-10	1e-10	-1e-10	
5.41	10	10	10	1e-10	1e-10	-1e-10	
5.42	10	10	10	1e-10	1e-10	-1e-10	
5.43	10	10	10	1e-10	1e-10	-1e-10	
5.44	10	10	10	1e-10	1e-10	-1e-10	
5.45	10	10	10	1e-10	1e-10	-1e-10	
5.46	10	10	10	1e-10	1e-10	-1e-10	
5.47	10	10	10	1e-10	1e-10	-1e-10	
5.48	10	10	10	1e-10	1e-10	-1e-10	
5.49	10	10	10	1e-10	1e-10	-1e-10	
5.5	10	10	10	1e-10	1e-10	-1e-10	
5.51	10	10	10	1e-10	1e-10	-1e-10	
5.52	10	10	10	1e-10	1e-10	-1e-10	
5.53	10	10	10	1e-10	1e-10	-1e-10	
5.54	10	10	10	1e-10	1e-10	-1e-10	
5.55	10	10	10	1e-10	1e-10	-1e-10	
5.56	10	10	10	1e-10	1e-10	-1e-10	
5.57	10	10	10	1e-10	1e-10	-1e-10	
5.58	10	10	10	1e-10	1e-10	-1e-10	
5.59	10	10	10	1e-10	1e-10	-1e-10	
5.6	10	10	10	1e-10	1e-10	-1e-10	
5.61	10	10	10	1e-10	1e-10	-1e-10	
5.62	10	10	10	1e-10	1e-10	-1e-10	
5.63	10	10	10	1e-10	1e-10	-1e-10	
5.64	10	10	10	1e-10	1e-10	-1e-10	
5.65	10	10	10	1e-10	1e-10	-1e-10	
5.66	10	10	10	1e-10	1e-10	-1e-10	
5.67	10	10	10	1e-10	1e-10	-1e-10	
5.68	10	10	10	1e-10	1e-10	-1e-10	
5.69	10	10	10	1e-10	1e-10	-1e-10	
5.7	10	10	10	1e-10	1e-10	-1e-10	
5.71	10	10	10	1e-10	1e-10	-1e-10	
5.72	10	10	10	1e-10	1e-10	-1e-10	
5.73	10	10	10	1e-10	1e-10	-1e-10	
5.74	10	10	10	1e-10	1e-10	-1e-10	
5.75	10	10	10	1e-10	1e-10	-1e-10	
5.76	10	10	10	1e-10	1e-10	-1e-10	
5.77	10	10	10	1e-10	1e-10	-1e-10	
5.78	10	10	10	1e-10	1e-10	-1e-10	
5.79	10	10	10	1e-10	1e-10	-1e-10	
5.8	10	10	10	1e-10	1e-10	-1e-10	
5.81	10	10	10	1e-10	1e-10	-1e-10	
5.82	10	10	10	1e-10	1e-10	-1e-10	
5.83	10	10	10	1e-10	1e-10	-1e-10	
5.84	10	10	10	1e-10	1e-10	-1e-10	
5.85	10	10	10	1e-10	1e-10	-1e-10	
5.86	10	10	10	1e-10	1e-10	-1e-10	
5.87	10	10	10	1e-10	1e-10	-1e-10	
5.88	10	10	10	1e-10	1e-10	-1e-10	
5.89	10	10	10	1e-10	1e-10	-1e-10	
5.9	10	10	10	1e-10	1e-10	-1e-10	
5.91	10	10	10	1e-10	1e-10	-1e-10	
5.92	10	10	10	1e-10	1e-10	-1e-10	
5.93	10	10	10	1e-10	1e-10	-1e-10	
5.94	10	10	10	1e-10	1e-10	-1e-10	
5.95	10	10	10	1e-10	1e-10	-1e-10	
5.96	10	10	10	1e-10	1e-10	-1e-10	
5.97	10	10	10	1e-10	1e-10	-1e-10	
5.98	10	10	10	1e-10	1e-10	-1e-10	
5.99	10	10	10	1e-10	1e-10	-1e-10	
6	10	10	10	1e-10	1e-10	-1e-10	
6.01	10	10	10	1e-10	1e-10	-1e-10	
6.02	10	10	10	1e-10	1e-10	-1e-10	
6.03	10	10	10	1e-10	1e-10	-1e-10	
6.04	10	10	10	1e-10	1e-10	-1e-10	
6.05	10	10	10	1e-10	1e-10	-1e-10	
6.06	10	10	10	1e-10	1e-10	-1e-10	
6.07	10	10	10	1e-10	1e-10	-1e-10	
6.08	10	10	10	1e-10	1e-10	-1e-10	
6.09	10	10	10	1e-10	1e-10	-1e-10	
6.1	10	10	10	1e-10	1e-10	-1e-10	
6.11	10	10	10	1e-10	1e-10	-1e-10	
6.12	10	10	10	1e-10	1e-10	-1e-10	
6.13	10	10	10	1e-10	1e-10	-1e-10	
6.14	10	10	10	1e-10	1e-10	-1e-10	
6.15	10	10	10	1e-10	1e-10	-1e-10	
6.16	10	10	10	1e-10	1e-10	-1e-10	
6.17	10	10	10	1e-10	1e-10	-1e-10	
6.18	10	10	10	1e-10	1e-10	-1e-10	
6.19	10	10	10	1e-10	1e-10	-1e-10	
6.2	10	10	10	1e-10	1e-10	-1e-10	
6.21	10	10	10	1e-10	1e-10	-1e-10	
6.22	10	10	10	1e-10	1e-10	-1e-10	
6.23	10	10	10	1e-10	1e-10	-1e-10	
6.24	10	10	10	1e-10	1e-10	-1e-10	
6.25	10	10	10	1e-10	1e-10	-1e-10	
6.26	10	10	10	1e-10	1e-10	-1e-10	
6.27	10	10	10	1e-10	1e-10	-1e-10	
6.28	10	10	10	1e-10	1e-10	-1e-10	
6.29	10	10	10	1e-10	1e-10	-1e-10	
6.3	10	10	10	1e-10	1e-10	-1e-10	
6.31	10	10	10	1e-10	1e-10	-1e-10	
6.32	10	10	10	1e-10	1e-10	-1e-10	
6.33	10	10	10	1e-10	1e-10	-1e-10	
6.34	10	10	10	1e-10	1e-10	-1e-10	
6.35	10	10	10	1e-10	1e-10	-1e-10	
6.36	10	10	10	1e-10	1e-10	-1e-10	
6.37	10	10	10	1e-10	1e-10	-1e-10	
6.38	10	10	10	1e-10	1e-10	-1e-10	
6.39	10	10	10	1e-10	1e-10	-1e-10	
6.4	10	10	10	1e-10	1e-10	-1e-10	
6.41	10	10	10	1e-10	1e-10	-1e-10	
6.42	10	10	10	1e-10	1e-10	-1e-10	
6.43	10	10	10	1e-10	1e-10	-1e-10	
6.44	10	10	10	1e-10	1e-10	-1e-10	
6.45	10	10	10	1e-10	1e-10	-1e-10	
6.46	10	10	10	1e-10	1e-10	-1e-10	
6.47	10	10	10	1e-10	1e-10	-1e-10	
6.48	10	10	10	1e-10	1e-10	-1e-10	
6.49	10	10	10	1e-10	1e-10	-1e-10	
6.5	10	10	10	1e-10	1e-10	-1e-10	
6.51	10	10	10	1e-10	1e-10	-1e-10	
6.52	10	10	10	1e-10	1e-10	-1e-10	
6.53	10	10	10	1e-10	1e-10	-1e-10	
6.54	10	10	10	1e-10	1e-10	-1e-10	
6.55	10	10	10	1e-10	1e-10	-1e-10	
6.56	10	10	10	1e-10	1e-10	-1e-10	
6.57	10	10	10	1e-10	1e-10	-1e-10	
6.58	10	10	10	1e-10	1e-10	-1e-10	
6.59	10	10	10	1e-10	1e-10	-1e-10	
6.6	10	10	10	1e-10	1e-10	-1e-10	
6.61	10	10	10	1e-10	1e-10	-1e-10	
6.62	10	10	10	1e-10	1e-10	-1e-10	
6.63	10	10	10	1e-10	1e-10	-1e-10	
6.64	10	10	10	1e-10	1e-10	-1e-10	
6.65	10	10	10	1e-10	1e-10	-1e-10	
6.66	10	10	10	1e-10	1e-10	-1e-10	
6.67	10	10	10	1e-10	1e-10	-1e-10	
6.68	10	10	10	1e-10	1e-10	-1e-10	
6.69	10	10	10	1e-10	1e-10	-1e-10	
6.7	10	10	10	1e-10	1e-10	-1e-10	
6.71	10	10	10	1e-10	1e-10	-1e-10	
6.72	10	10	10	1e-10	1e-10	-1e-10	
6.73	10	10	10	1e-10	1e-10	-1e-10	
6.74	10	10	10	1e-10	1e-10	-1e-10	
6.75	10	10	10	1e-10	1e-10	-1e-10	
6.76	10	10	10	1e-10	1e-10	-1e-10	
6.77	10	10	10	1e-10	1e-10	-1e-10	
6.78	10	10	10	1e-10	1e-10	-1e-10	
6.79	10	10	10	1e-10	1e-10	-1e-10	
6.8	10	10	10	1e-10	1e-10	-1e-10	
6.81	10	10	10	1e-10	1e-10	-1e-10	
6.82	10	10	10	1e-10	1e-10	-1e-10	
6.83	10	10	10	1e-10	1e-10	-1e-10	
6.84	10	10	10	1e-10	1e-10	-1e-10	
6.85	10	10	10	1e-10	1e-10	-1e-10	
6.86	10	10	10	1e-10	1e-10	-1e-10	
6.87	10	10	10	1e-10	1e-10	-1e-10	
6.88	10	10	10	1e-10	1e-10	-1e-10	
6.89	10	10	10	1e-10	1e-10	-1e-10	
6.9	10	10	10	1e-10	1e-10	-1e-10	
6.91	10	10	10	1e-10	1e-10	-1e-10	
6.92	10	10	10	1e-10	1e-10	-1e-10	
6.93	10	10	10	1e-10	1e-10	-1e-10	
6.94	10	10	10	1e-10	1e-10	-1e-10	
6.95	10	10	10	1e-10	1e-10	-1e-10	
6.96	10	10	10	1e-10	1e-10	-1e-10	
6.97	10	10	10	1e-10	1e-10	-1e-10	
6.98	10	10	10	1e-10	1e-10	-1e-10	
6.99	10	10	10	1e-10	1e-10	-1e-10	
7	10	10	10	1e-10	1e-10	-1e-10	
7.01	10	10	10	1e-10	1e-10	-1e-10	
7.02	10	10	10	1e-10	1e-10	-1e-10	
7.03	10	10	10	1e-10	1e-10	-1e-10	
7.04	10	10	10	1e-10	1e-10	-1e-10	
7.05	10	10	10	1e-10	1e-10	-1e-10	
7.06	10	10	10	1e-10	1e-10	-1e-10	
7.07	10	10	10	1e-10	1e-10	-1e-10	
7.08	10	10	10	1e-10	1e-10	-1e-10	
7.09	10	10	10	1e-10	1e-10	-1e-10	
7.1	10	10	10	1e-10	1e-10	-1e-10	
7.11	10	10	10	1e-10	1e-10	-1e-10	
7.12	10	10	10	1e-10	1e-10	-1e-10	
7.13	10	10	10	1e-10	1e-10	-1e-10	
7.14	10	10	10	1e-10	1e-10	-1e-10	
7.15	10	10	10	1e-10	1e-10	-1e-10	
7.16	10	10	10	1e-10	1e-10	-1e-10	
7.17	10	10	10	1e-10	1e-10	-1e-10	
7.18	10	10	10	1e-10	1e-10	-1e-10	
7.19	10	10	10	1e-10	1e-10	-1e-10	
7.2	10	10	10	1e-10	1e-10	-1e-10	
7.21	10	10	10	1e-10	1e-10	-1e-10	
7.22	10	10	10	1e-10	1e-10	-1e-10	
7.23	10	10	10	1e-10	1e-10	-1e-10	
7.24	10	10	10	1e-10	1e-10	-1e-10	
7.25	10	10	10	1e-10	1e-10	-1e-10	
7.26	10	10	10	1e-10	1e-10	-1e-10	
7.27	10	10	10	1e-10	1e-10	-1e-10	
7.28	10	10	10	1e-10	1e-10	-1e-10	
7.29	10	10	10	1e-10	1e-10	-1e-10	
7.3	10	10	10	1e-10	1e-10	-1e-10	
7.31	10	10	10	1e-10	1e-10	-1e-10	
7.32	10	10	10	1e-10	1e-10	-1e-10	
7.33	10	10	10	1e-10	1e-10	-1e-10	
7.34	10	10	10	1e-10	1e-10	-1e-10	
7.35	10	10	10	1e-10	1e-10	-1e-10	
7.36	10	10	10	1e-10	1e-10	-1e-10	
7.37	10	10	10	1e-10	1e-10	-1e-10	
7.38	10	10	10	1e-10	1e-10	-1e-10	
7.39	10	10	10	1e-10	1e-10	-1e-10	
7.4	10	10	10	1e-10	1e-10	-1e-10	
7.41	10	10	10	1e-10	1e-10	-1e-10	
7.42	10	10	10	1e-10	1e-10	-1e-10	
7.43	10	10	10	1e-10	1e-10	-1e-10	
7.44	10	10	10	1e-10	1e-10	-1e-10	
7.45	10	10	10	1e-10	1e-10	-1e-10	
7.46	10	10	10	1e-10	1e-10	-1e-10	
7.47	10	10	10	1e-10	1e-10	-1e-10	
7.48	10	10	10	1e-10	1e-10	-1e-10	
7.49	10	10	10	1e-10	1e-10	-1e-10	
7.5	10	10	10	1e-10	1e-10	-1e-10	
7.51	10	10	10	1e-10	1e-10	-1e-10	
7.52	10	10	10	1e-10	1e-10	-1e-10	
7.53	10	10	10	1e-10	1e-10	-1e-10	
7.54	10	10	10	1e-10	1e-10	-1e-10	
7.55	10	10	10	1e-10	1e-10	-1e-10	
7.56	10	10	10	1e-10	1e-10	-1e-10	
7.57	10	10	10	1e-10	1e-10	-1e-10	
7.58	10	10	10	1e-10	1e-10	-1e-10	
7.59	10	10	10	1e-10	1e-10	-1e-10	
7.6	10	10	10	1e-10	1e-10	-1e-10	
7.61	10	10	10	1e-10	1e-10	-1e-10	
7.62	10	10	10	1e-10	1e-10	-1e-10	
7.63	10	10	10	1e-10	1e-10	-1e-10	
7.64	10	10	10	1e-10	1e-10	-1e-10	
7.65	10	10	10	1e-10	1e-10	-1e-10	
7.66	10	10	10	1e-10	1e-10	-1e-10	
7.67	10	10	10	1e-10	1e-10	-1e-10	
7.68	10	10	10	1e-10	1e-10	-1e-10	
7.69	10	10	10	1e-10	1e-10	-1e-10	
7.7	10	10	10	1e-10	1e-10	-1e-10	
7.71	10	10	10	1e-10	1e-10	-1e-10	
7.72	10	10	10	1e-10	1e-10	-1e-10	
7.73	10	10	10	1e-10	1e-10	-1e-10	
7.74	10	10	10	1e-10	1e-10	-1e-10	
7.75	10	10	10	1e-10	1e-10	-1e-10	
7.76	10	10	10	1e-10	1e-10	-1e-10	
7.77	10	10	10	1e-10	1e-10	-1e-10	
7.78	10	10	10	1e-10	1e-10	-1e-10	
7.79	10	10	10	1e-10	1e-10	-1e-10	
7.8	10	10	10	1e-10	1e-10	-1e-10	
7.81	10	10	10	1e-10	1e-10	-1e-10	
7.82	10	10	10	1e-10	1e-10	-1e-10	
7.83	10	10	10	1e-10	1e-10	-1e-10	
7.84	10	10	10	1e-10	1e-10	-1e-10	
7.85	10	10	10	1e-10	1e-10	-1e-10	
7.86	10	10	10	1e-10	1e-10	-1e-10	
7.87	10	10	10	1e-10	1e-10	-1e-10	
7.88	10	10	10	1e-10	1e-10	-1e-10	
7.89	10	10	10	1e-10	1e-10	-1e-10	
7.9	10	10	10	1e-10	1e-10	-1e-10	
7.91	10	10	10	1e-10	1e-10	-1e-10	
7.92	10	10	10	1e-10	1e-10	-1e-10	
7.93	10	10	10	1e-10	1e-10	-1e-10	
7.94	10	10	10	1e-10	1e-10	-1e-10	
7.95	10	10	10	1e-10	1e-10	-1e-10	
7.96	10	10	10	1e-10	1e-10	-1e-10	
7.97	10	10	10	1e-10	1e-10	-1e-10	
7.98	10	10	10	1e-10	1e-10	-1e-10	
7.99	10	10	10	1e-10	1e-10	-1e-10	
8	10	10	10	1e-10	1e-10	-1e-10	
8.01	10	10	10	1e-10	1e-10	-1e-10	
8.02	10	10	10	1e-10	1e-10	-1e-10	
8.03	10	10	10	1e-10	1e-10	-1e-10	
8.04	10	10	10	1e-10	1e-10	-1e-10	
8.05	10	10	10	1e-10	1e-10	-1e-10	
8.06	10	10	10	1e-10	1e-10	-1e-10	
8.07	10	10	10	1e-10	1e-10	-1e-10	
8.08	10	10	10	1e-10	1e-10	-1e-10	
8.09	10	10	10	1e-10	1e-10	-1e-10	
8.1	10	10	10	1e-10	1e-10	-1e-10	
8.11	10	10	10	1e-10	1e-10	-1e-10	
8.12	10	10	10	1e-10	1e-10	-1e-10	
8.13	10	10	10	1e-10	1e-10	-1e-10	
8.14	10	10	10	1e-10	1e-10	-1e-10	
8.15	10	10	10	1e-10	1e-10	-1e-10	
8.16	10	10	10	1e-10	1e-10	-1e-10	
8.17	10	10	10	1e-10	1e-10	-1e-10	
8.18	10	10	10	1e-10	1e-10	-1e-10	
8.19	10	10	10	1e-10	1e-10	-1e-10	
8.2	10	10	10	1e-10	1e-10	-1e-10	
8.21	10	10	10	1e-10	1e-10	-1e-10	
8.22	10	10	10	1e-10	1e-10	-1e-10	
8.23	10	10	10	1e-10	1e-10	-1e-10	
8.24	10	10	10	1e-10	1e-10	-1e-10	
8.25	10	10	10	1e-10	1e-10	-1e-10	
8.26	10	10	10	1e-10	1e-10	-1e-10	
8.27	10	10	10	1e-10	1e-10	-1e-10	
8.28	10	10	10	1e-10	1e-10	-1e-10	
8.29	10	10	10	1e-10	1e-10	-1e-10	
8.3	10	10	10	1e-10	1e-10	-1e-10	
8.31	10	10	10	1e-10	1e-10	-1e-10	
8.32	10	10	10	1e-10	1e-10	-1e-10	
8.33	10	10	10	1e-10	1e-10	-1e-10	
8.34	10	10	10	1e-10	1e-10	-1e-10	
8.35	10	10	10	1e-10	1e-10	-1e-10	
8.36	10	10	10	1e-10	1e-10	-1e-10	
8.37	10	10	10	1e-10	1e-10	-1e-10	
8.38	10	10	10	1e-10	1e-10	-1e-10	
8.39	10	10	10	1e-10	1e-10	-1e-10	
8.4	10	10	10	1e-10	1e-10	-1e-10	
8.41	10	10	10	1e-10	1e-10	-1e-10	
8.42	10	10	10	1e-10	1e-10	-1e-10	
8.43	10	10	10	1e-10	1e-10	-1e-10	
8.44	10	10	10	1e-10	1e-10	-1e-10	
8.45	10	10	10	1e-10	1e-10	-1e-10	
8.46	10	10	10	1e-10	1e-10	-1e-10	
8.47	10	10	10	1e-10	1e-10	-1e-10	
8.48	10	10	10	1e-10	1e-10	-1e-10	
8.49	10	10	10	1e-10	1e-10	-1e-10	
8.5	10	10	10	1e-10	1e-10	-1e-10	
8.51	10	10	10	1e-10	1e-10	-1e-10	
8.52	10	10	10	1e-10	1e-10	-1e-10	
8.53	10	10	10	1e-10	1e-10	-1e-10	
8.54	10	10	10	1e-10	1e-10	-1e-10	
8.55	10	10	10	1e-10	1e-10	-1e-10	
8.56	10	10	10	1e-10	1e-10	-1e-10	
8.57	10	10	10	1e-10	1e-10	-1e-10	
8.58	10	10	10	1e-10	1e-10	-1e-10	
8.59	10	10	10	1e-10	1e-10	-1e-10	
8.6	10	10	10	1e-10	1e-10	-1e-10	
8.61	10	10	10	1e-10	1e-10	-1e-10	
8.62	10	10	10	1e-10	1e-10	-1e-10	
8.63	10	10	10	1e-10	1e-10	-1e-10	
8.64	10	10	10	1e-10	1e-10	-1e-10	
8.65	10	10	10	1e-10	1e-10	-1e-10	
8.66	10	10	10	1e-10	1e-10	-1e-10	
8.67	10	10	10	1e-10	1e-10	-1e-10	
8.68	10	10	10	1e-10	1e-10	-1e-10	
8.69	10	10	10	1e-10	1e-10	-1e-10	
8.7	10	10	10	1e-10	1e-10	-1e-10	
8.71	10	10	10	1e-10	1e-10	-1e-10	
8.72	10	10	10	1e-10	1e-10	-1e-10	
8.73	10	10	10	1e-10	1e-10	-1e-10	
8.74	10	10	10	1e-10	1e-10	-1e-10	
8.75	10	10	10	1e-10	1e-10	-1e-10	
8.76	10	10	10	1e-10	1e-10	-1e-10	
8.77	10	10	10	1e-10	1e-10	-1e-10	
8.78	10	10	10	1e-10	1e-10	-1e-10	
8.79	10	10	10	1e-10	1e-10	-1e-10	
8.8	10	10	10	1e-10	1e-10	-1e-10	
8.81	10	10	10	1e-10	1e-10	-1e-10	
8.82	10	10	10	1e-10	1e-10	-1e-10	
8.83	10	10	10	1e-10	1e-10	-1e-10	
8.84	10	10	10	1e-10	1e-10	-1e-10	
8.85	10	10	10	1e-10	1e-10	-1e-10	
8.86	10	10	10	1e-10	1e-10	-1e-10	
8.87	10	10	10	1e-10	1e-10	-1e-10	
8.88	10	10	10	1e-10	1e-10	-1e-10	
8.89	10	10	10	1e-10	1e-10	-1e-10	
8.9	10	10	10	1e-10	1e-10	-1e-10	
8.91	10	10	10	1e-10	1e-10	-1e-10	
8.92	10	10	10	1e-10	1e-10	-1e-10	
8.93	10	10	10	1e-10	1e-10	-1e-10	
8.94	10	10	10	1e-10	1e-10	-1e-10	
8.95	10	10	10	1e-10	1e-10	-1e-10	
8.96	10	10	10	1e-10	1e-10	-1e-10	
8.97	10	10	10	1e-10	1e-10	-1e-10	
8.98	10	10	10	1e-10	1e-10	-1e-10	
8.99	10	10	10	1e-10	1e-10	-1e-10	
9	10	10	10	1e-10	1e-10	-1e-10	
9.01	10	10	10	1e-10	1e-10	-1e-10	
9.02	10	10	10	1e-10	1e-10	-1e-10	
9.03	10	10	10	1e-10	1e-10	-1e-10	
9.04	10	10	10	1e-10	1e-10	-1e-10	
9.05	10	10	10	1e-10	1e-10	-1e-10	
9.06	10	10	10	1e-10	1e-10	-1e-10	
9.07	10	10	10	1e-10	1e-10	-1e-10	
9.08	10	10	10	1e-10	1e-10	-1e-10	
9.09	10	10	10	1e-10	1e-10	-1e-10	
9.1	10	10	10	1e-10	1e-10	-1e-10	
9.11	10	10	10	1e-10	1e-10	-1e-10	
9.12	10	10	10	1e-10	1e-10	-1e-10	
9.13	10	10	10	1e-10	1e-10	-1e-10	
9.14	10	10	10	1e-10	1e-10	-1e-10	
9.15	10	10	10	1e-10	1e-10	-1e-10	
9.16	10	10	10	1e-10	1e-10	-1e-10	
9.17	10	10	10	1e-10	1e-10	-1e-10	
9.18	10	10	10	1e-10	1e-10	-1e-10	
9.19	10	10	10	1e-10	1e-10	-1e-10	
9.2	10	10	10	1e-10	1e-10	-1e-10	
9.21	10	10	10	1e-10	1e-10	-1e-10	
9.22	10	10	10	1e-10	1e-10	-1e-10	
9.23	10	10	10	1e-10	1e-10	-1e-10	
9.24	10	10	10	1e-10	1e-10	-1e-10	
9.25	10	10	10	1e-10	1e-10	-1e-10	
9.26	10	10	10	1e-10	1e-10	-1e-10	
9.27	10	10	10	1e-10	1e-10	-1e-10	
9.28	10	10	10	1e-10	1e-10	-1e-10	
9.29	10	10	10	1e-10	1e-10	-1e-10	
9.3	10	10	10	1e-10	1e-10	-1e-10	
9.31	10	10	10	1e-10	1e-10	-1e-10	
9.32	10	10	10	1e-10	1e-10	-1e-10	
9.33	10	10	10	1e-10	1e-10	-1e-10	
9.34	10	10	10	1e-10	1e-10	-1e-10	
9.35	10	10	10	1e-10	1e-10	-1e-10	
9.36	10	10	10	1e-10	1e-10	-1e-10	
9.37	10	10	10	1e-10	1e-10	-1e-10	
9.38	10	10	10	1e-10	1e-10	-1e-10	
9.39	10	10	10	1e-10	1e-10	-1e-10	
9.4	10	10	10	1e-10	1e-10	-1e-10	
9.41	10	10	10	1e-10	1e-10	-1e-10	
9.42	10	10	10	1e-10	1e-10	-1e-10	
9.43	10	10	10	1e-10	1e-10	-1e-10	
9.44	10	10	10	1e-10	1e-10	-1e-10	
9.45	10	10	10	1e-10	1e-10	-1e-10	
9.46	10	10	10	1e-10	1e-10	-1e-10	
9.47	10	10	9.99999	1e-10	1e-10	-1e-10	
9.48	10	10	9.99999	9.99999e-11	9.99999e-11	-9.99999e-11	
9.49	10	10	9.99999	9.99999e-11	9.99999e-11	-9.99999e-11	
9.5	10	10	9.99999	9.99999e-11	9.99999e-11	-9.99999e-11	
9.51	10	10	9.99999	9.99999e-11	9.99999e-11	-9.99999e-11	
9.52	10	10	9.99999	9.99999e-11	9.99999e-11	-9.99999e-11	
9.53	10	10	9.99999	9.99999e-11	9.99999e-11	-9.99999e-11	
9.54	10	10	9.99999	9.99999e-11	9.99999e-11	-9.99999e-11	
9.55	10	10	9.99999	9.99999e-11	9.99999e-11	-9.99999e-11	
9.56	10	10	9.99999	9.99999e-11	9.99999e-11	-9.99999e-11	
9.57	10	10	9.99999	9.99999e-11	9.99999e-11	-9.99999e-11	
9.58	10	10	9.99999	9.99999e-11	9.99999e-11	-9.99999e-11	
9.59	10	10	9.99999	9.99999e-11	9.99999e-11	-9.99999e-11	
9.6	10	10	9.99999	9.99999e-11	9.99999e-11	-9.99999e-11	
9.61	10	10	9.99999	9.99999e-11	9.99999e-11	-9.99999e-11	
9.62	10	10	9.99999	9.99999e-11	9.99999e-11	-9.99999e-11	
9.63	10	10	9.99999	9.99999e-11	9.99999e-11	-9.99999e-11	
9.64	10	10	9.99999	9.99999e-11	9.99999e-11	-9.99999e-11	
9.65	10	10	9.99999	9.99999e-11	9.99999e-11	-9.99999e-11	
9.66	10	10	9.99999	9.99999e-11	9.99999e-11	-9.99999e-11	
9.67	10	10	9.99999	9.99999e-11	9.99999e-11	-9.99999e-11	
9.68	10	10	9.99999	9.99999e-11	9.99999e-11	-9.99999e-11	
9.69	10	10	9.99999	9.99999e-11	9.99999e-11	-9.99999e-11	
9.7	10	10	9.99999	9.99999e-11	9.99999e-11	-9.99999e-11	
9.71	10	10	9.99999	9.99999e-11	9.99999e-11	-9.99999e-11	
9.72	10	10	9.99999	9.99999e-11	9.99999e-11	-9.99999e-11	
9.73	10	10	9.99999	9.99999e-11	9.99999e-11	-9.99999e-11	
9.74	10	10	9.99999	9.99999e-11	9.99999e-11	-9.99999e-11	
9.75	10	10	9.99999	9.99999e-11	9.99999e-11	-9.99999e-11	
9.76	10	10	9.99999	9.99999e-11	9.99999e-11	-9.99999e-11	
9.77	10	10	9.99999	9.99999e-11	9.99999e-11	-9.99999e-11	
9.78	10	10	9.99999	9.99999e-11	9.99999e-11	-9.99999e-11	
9.79	10	10	9.99999	9.99999e-11	9.99999e-11	-9.99999e-11	
9.8	10	10	9.99999	9.99999e-11	9.99999e-11	-9.99999e-11	
9.81	10	10	9.99999	9.99999e-11	9.99999e-11	-9.99999e-11	
9.82	10	10	9.99999	9.99999e-11	9.99999e-11	-9.99999e-11	
9.83	10	10	9.99999	9.99999e-11	9.99999e-11	-9.99999e-11	
9.84	10	10	9.99999	9.99999e-11	9.99999e-11	-9.99999e-11	
9.85	10	10	9.99999	9.99999e-11	9.99999e-11	-9.99999e-11	
9.86	10	10	9.99999	9.99999e-11	9.99999e-11	-9.99999e-11	
9.87	10	10	9.99999	9.99999e-11	9.99999e-11	-9.99999e-11	
9.88	10	10	9.99999	9.99999e-11	9.99999e-11	-9.99999e-11	
9.89	10	10	9.99999	9.99999e-11	9.99999e-11	-9.99999e-11	
9.9	10	10	9.99999	9.99999e-11	9.99999e-11	-9.99999e-11	
9.91	10	10	9.99999	9.99999e-11	9.99999e-11	-9.99999e-11	
9.92	10	10	9.99999	9.99999e-11	9.99999e-11	-9.99999e-11	
9.93	10	10	9.99999	9.99999e-11	9.99999e-11	-9.99999e-11	
9.94	10	10	9.99999	9.99999e-11	9.99999e-11	-9.99999e-11	
9.95	10	10	9.99999	9.99999e-11	9.99999e-11	-9.99999e-11	
9.96	10	10	9.99999	9.99999e-11	9.99999e-11	-9.99999e-11	
9.97	10	10	9.99999	9.99999e-11	9.99999e-11	-9.99999e-11	
9.98	10	10	9.99999	9.99999e-11	9.99999e-11	-9.99999e-11	
9.99	10	10	9.99999	9.99999e-11	9.99999e-11	-9.99999e-11	
10	10	10	9.99999	9.99999e-11	9.99999e-11	-9.99999e-11	
